DD/MM,2000,2001,2002,2003,2004,2005,2006,2007,2008,2009,2010,2011,2012,2013,2014,2015,2016,2017,2018,2019,,
01-Ene,23.3,23.2,23,23.4,24,25,26.3,26.8,24.2,24.9,26.4,24,27,26.5,25.4,24,25.9,27.4,26.1,26.3,,
02-Ene,24.3,24.1,,22.5,23.3,24.1,25.4,26.3,23.3,24.8,24.9,25.8,26.8,26.1,25.6,26.5,27.6,24.6,24.7,27.4,,
03-Ene,22.8,23.1,22.5,22.9,24.6,24.7,25.6,26.9,24.3,25.5,25.5,24.8,26.8,24.6,26,26,26.7,24.7,25.4,25.8,,
04-Ene,24.5,23.7,23.3,23.6,24.4,25.9,25.1,24.4,23.3,26.3,26.1,24.1,28.5,26.5,25.2,25.3,27.4,26.7,25.4,27.8,,
05-Ene,23,23.3,25,23.2,23.5,25.3,27,26.4,24.3,26.2,26.1,23.1,30.7,25.9,25.7,25.2,28.4,28.7,26.3,27.4,,
06-Ene,24,24.9,23.9,24.2,25.7,25.4,27.4,26.6,24.9,26.9,27.6,24.8,26.8,25.7,26.5,25.2,27.3,30,25.5,26.5,,
07-Ene,24.2,24.8,24.3,24.4,26.9,26.1,25,26.9,23,27.9,23.7,23.7,26.2,25.2,26.9,25.7,25.5,26.8,25.9,29.4,,
08-Ene,24.6,24.8,24.4,22.6,27.8,26.4,24.9,26.2,24.4,27.5,24.5,23.9,27.5,26.6,27.8,26.1,26.6,25.5,24.5,28.8,,
09-Ene,24.3,25.5,24.2,24.3,26.8,25.9,25.8,27.5,24,25.5,27.2,25.1,25.3,25.1,27.5,25.8,27.8,27.9,26.5,28.2,,
10-Ene,,25.7,23.9,24.3,25,26.7,25.8,27.7,24.8,24.8,25.8,23.7,22.7,25.9,24.9,26.9,27.5,26.7,26.9,26.8,,
11-Ene,24.1,26.2,23.9,24.8,26.4,28.2,25,27.6,,24,24.7,24.7,24.9,26.5,26.3,26,27.4,,25.7,27,,
12-Ene,25.4,25.7,24.5,,26.2,,25.5,26.6,25.6,24.9,26.2,25.9,23.5,26.8,27.4,26.2,28.4,26.5,25.3,26.9,,
13-Ene,24,25.4,24.5,23.6,26.1,26.4,25.5,24.6,27,25,25.9,26.2,26.5,26.9,27.1,24.1,27.8,26.8,25.2,26.8,,
14-Ene,,25.4,25.3,25.5,26.9,25.8,25.5,27.1,25.7,,26.3,27.1,27.8,27.4,27.3,26.3,25.5,26.1,24.9,27.5,,
15-Ene,,24.4,24.3,25,26.1,27.8,24.9,27.1,,27.2,26.5,25.6,26.6,,27.2,26.1,27.6,28.4,25.1,27.4,,
16-Ene,,25.2,25.3,25.1,,27.4,26.5,27.2,26.9,25,24.5,24.8,26.7,27.4,28.2,25.1,28.8,31.7,28.9,24.7,,
17-Ene,,26.3,25,,25.2,29.3,26.6,27.5,27.6,27.5,27.2,24.2,26.2,26.6,28,26.1,28,27.7,24.8,24.7,,
18-Ene,,25,26,25.3,26.4,27.1,26.9,27,25.9,,26.2,27.5,26.1,27,27.2,26.2,27.9,28.3,23.7,25.7,,
19-Ene,,26.4,24.7,25.4,25.8,27.1,26.7,27.2,24.8,25.8,27.5,26.5,26.4,26.5,27.5,27,27.7,28.8,25.5,26.2,,
20-Ene,,25,25.2,25.8,26.6,27.7,27.7,26.3,26.7,27.7,27.2,25,26.3,27.8,25.4,25.6,29.2,29.6,24.6,27,,
21-Ene,,26.6,24.9,24.3,26.3,27.9,27.1,27.1,26.6,26.8,25.7,25.2,28.3,27.2,27.3,26,28.3,30.9,26.7,27.2,,
22-Ene,22.2,24.5,25.1,24.5,26.4,27.1,26.3,27.9,27.2,,25.6,25.8,26.8,27.4,28.8,25.8,28.6,31.6,24.3,27.8,,
23-Ene,24.5,24.8,24.9,25.6,25.8,27.5,25.5,28,27.7,25.1,25.9,26,26.8,27.5,28.7,26.3,26.5,26.9,26.1,27.1,,
24-Ene,,24.2,23.4,26.3,25.6,26.3,24.8,28.5,27.4,26,27.3,25.6,26.1,27.9,28.8,26.5,26.5,28.7,27.8,26.9,,
25-Ene,,24.6,24.4,25.4,24.7,26.5,25.5,28,27.5,27.5,27.9,26.5,24.5,28.4,27.8,26.6,29.2,29.6,27.8,29.1,,
26-Ene,26,25.2,23.2,26.2,25.5,25.3,26,27.3,26.7,26.2,27.7,26.4,26.6,27.6,29.1,26.9,28.7,30.7,26,29.9,,
27-Ene,25,24.6,25,25.6,25.9,23.6,26.9,26.8,24.6,28.2,26.3,27.2,25.6,27,29.3,27.8,28.9,30.3,26.7,29.4,,
28-Ene,24.1,25.1,23.8,25.7,25.7,24.9,25.7,26.5,27.2,26.7,27.2,27.4,25.3,26.1,26.3,28.1,29.9,30.3,25.9,30.8,,
29-Ene,25.4,24.6,25.8,25.4,26.3,25.2,25.8,28.7,25.6,27.9,27.7,28.2,26.2,26.7,26.5,27.3,29.9,30.1,28,30.2,,
30-Ene,28.4,24.9,25.4,26.3,27.1,24.9,24.8,26.2,26.8,27.4,27.5,27.8,26.9,25.6,29.1,26,28.8,30.8,27,30.6,,
31-Ene,30.1,25.1,26.2,26.9,26.5,23.5,26.7,27.8,27.8,27.2,26.8,26.4,26.9,28.3,27.7,27,29.7,29.4,25.4,29.6,,
01-Feb,26.1,25.8,27,27.1,26,24.4,27.2,27.7,29.7,27.9,26.9,27,26.7,28.9,25.2,27.6,28.4,31.3,24,29.8,,
02-Feb,23.6,25.6,26.3,26.7,25.9,24.4,26.4,26.6,26.7,27.3,28,26.8,27.9,27.4,24.2,26.1,29.4,30.1,25.3,29.3,,
03-Feb,27.7,25.6,24.1,26.5,26.7,25.6,26.3,26.9,26.2,28,27.6,26.4,27.7,27.1,26.4,27.5,28.8,29.7,26.2,29.9,,
04-Feb,25.2,,26.6,26.2,26.4,24.5,26.6,26.4,27,27.8,,28,28,29.3,25.8,28.4,28.4,30,27.3,30,,
05-Feb,26,25,24.8,27,27.4,25,,27.1,26.5,28.2,30.2,28.8,25.6,29.3,26.6,29.6,30.4,28.7,26,30.6,,
06-Feb,25,24.3,28.9,26.9,26.4,25.7,26.6,26.9,25.7,26.9,27.8,28.7,25.4,29.5,26.5,27.7,29.3,29.1,27.3,28.6,,
07-Feb,26,25.8,28.1,26.5,26.4,24.1,26.5,30.1,25.5,27.6,29.6,29.2,27.1,28.4,26.1,29.8,29,28.8,27.7,30.4,,
08-Feb,24.8,26.7,26.5,26.6,26.6,,26.6,26.3,26.2,27.5,27,28.5,28.5,29.8,26.3,29,26.2,28.4,27.2,28,,
09-Feb,25.1,25.1,27.5,26.6,26.7,26,27.5,29,25.8,27.9,27.2,29.1,27.7,30.8,26.1,29.7,29.1,29.1,27,28.2,,
10-Feb,23,25.4,27.6,26.2,26.5,24.5,28.4,27.3,27.7,25.6,26.3,26,27.2,29.5,27,29.2,31.1,28.7,25.9,29,,
11-Feb,26,26.1,26.6,25.8,25.8,25.8,25.7,26.8,25.4,27.8,29.3,26.7,26.8,28,27.5,28.4,29,31.9,26.2,28.8,,
12-Feb,25.9,,26.2,26.8,26.4,27.5,27.6,26.6,27.1,27.7,28.2,25.7,27.4,26.8,26.8,28.4,28.6,29.6,27.9,29.9,,
13-Feb,26.4,26.7,25.7,26,26.6,25.5,27.9,26.5,,28.5,29,27.2,28.7,27.7,25.8,27.1,29,28.7,29.5,28.5,,
14-Feb,26.8,28.2,25.5,28.7,27.1,24.6,28.2,27.6,26.2,,28,25.2,28.6,28,25.6,28.7,28.2,29.6,26.5,28.6,,
15-Feb,27,28.2,27.8,28.1,27.7,,27.4,27.2,26.2,29.4,28.8,27.2,28.9,27.6,26.9,26.7,28.3,30.9,27.1,31.3,,
16-Feb,,27.3,26.1,28.3,26.6,25.2,28.1,27,24.7,26.9,27,28,28.1,28.2,26.8,27.7,28.7,29.7,29.4,29.2,,
17-Feb,26.6,27.9,26.1,25.3,26.3,26.5,28.1,28.4,26.7,28.9,27.8,26.3,27.8,27.4,27.2,28.8,29.9,30.2,28.5,29.3,,
18-Feb,26.2,28.6,25.3,26.5,26.1,26.9,28.1,28.5,28.2,29.2,26.6,24.7,28.2,,27.5,28,28.8,28.8,24.5,31.2,,
19-Feb,24.8,29.1,27.7,27.3,25.3,25.9,27.8,27.7,24.1,,27,27,28.4,27.1,27.5,28,29,30.6,29.2,28.9,,
20-Feb,26,29.1,27.8,26.9,27.5,26.8,27.9,27.2,27.1,28.3,27.7,26.8,29.8,26.4,24.8,28.8,30.5,27.7,29.5,30,,
21-Feb,26.4,25.8,29,26.1,27.6,24.4,25.4,29.2,28.1,26.1,26.1,27.5,25,25.2,26.7,30.1,30.3,27.1,26.9,30.4,,
22-Feb,28,27.9,28.9,24.9,26.3,24.6,27.8,27.2,29.7,26.7,26.7,27.2,26.1,27.4,28.8,26.9,29.3,29.9,25.7,26.9,,
23-Feb,28,28.1,30.4,26.8,27.5,25.6,28.1,27.9,32.5,27.3,27.8,25.5,27.7,25.6,25.9,25.6,29.5,30.5,24.3,26.8,,
24-Feb,28.3,26.5,30.4,25.4,26.6,25,27.1,27.5,31.7,28.4,28.5,27.8,28.3,26.9,26.7,25.1,28.1,29.8,28.1,28.7,,
25-Feb,26.3,26.6,30,26.5,26.8,25.1,25.9,24.9,29.8,26.3,28.7,30.5,26.5,27.1,28.1,26.9,30.8,30.8,26,29.2,,
26-Feb,25,28.7,28.3,26,29.4,25.9,28.6,26.9,28.3,29.1,27.3,28.3,25.1,27.5,29.3,27.3,32.3,32.2,25.9,29.4,,
27-Feb,24,28.7,28.7,25.8,27.5,26.2,29.5,27.8,25,,27.9,23.4,27.5,27.8,28.1,29.1,30.8,32,26.2,29,,
28-Feb,25.1,26.6,32.6,24.9,26,27,29.1,26.8,,,26.7,23.3,26.9,27,25.6,27.7,30.6,29.5,23.6,30.6,,
29-Feb,24.6,,,,25.1,,,,27.7,,,,29.4,,,,27.3,,,,,
01-Mar,24.9,24.5,32.9,24.7,27.3,26.9,29.3,25.6,26.4,27.6,27.5,21.9,28.3,28,28.3,25.8,29.6,29.9,25.4,30.2,,
02-Mar,24,26,29.8,24.6,,24.8,25.6,27.3,25.9,,27.1,24.4,27,29,28.1,26.6,29,30,,29.6,,
03-Mar,26.3,29.2,25.9,25,,24.8,25.6,27.3,25.3,25.3,25.9,27.4,25.6,29.8,28.4,26.2,28.6,31.1,25.6,27.6,,
04-Mar,26.6,,28.1,24.4,,26,25.7,25.4,26.5,26.4,26.1,28.1,27,28.8,27.3,26.4,29.4,29.8,25.7,25.9,,
05-Mar,25.3,24.8,28.3,25.4,25.2,26.4,25.5,27.3,27.9,27.4,25.7,28.1,25,29.6,26.3,25.7,29.4,29.3,26.4,29.1,,
06-Mar,26,27.1,30.5,25.6,,28.3,27.2,27.4,27,27.5,26.4,26.4,27.5,28.6,28,26.3,28.9,30.1,25.5,27.8,,
07-Mar,25.7,26,29.6,26.4,25.9,27.3,29.8,25.9,28.2,27.2,26.9,27.1,26.3,30.2,25.9,26.9,29.8,30.3,,28.3,,
08-Mar,28.1,27.1,30.3,26.3,23.8,27.8,27,26.9,28.4,27.1,26.6,27,27.6,28.8,23.5,27.2,29.3,30.6,27.4,28.7,,
09-Mar,29.3,25.6,30.1,25.6,23.5,28,27.7,25.8,27.6,27.3,26.2,26.8,27.6,28.1,25.7,26.3,28.3,33.4,28.3,27.7,,
10-Mar,26.9,25.7,30.5,26.2,24.2,28.4,26.6,25.7,27.4,27.1,27.6,26.7,28.3,28.7,27.9,26.2,28.8,29.7,26.7,28.6,,
11-Mar,23.6,26.3,31.4,25.8,24.9,28.3,27.5,25.9,25.2,28.9,27.1,27.3,27.8,,26.8,28.5,29.3,29.8,25.5,31,,
12-Mar,25.3,25.7,29.8,25.9,24.5,27.7,26,25.8,26.5,27,26.9,27.5,28.4,27.2,25.7,28.3,29.2,28.5,26.9,28.8,,
13-Mar,25.5,23.9,,27.3,27.8,24.6,29.4,26.8,28.9,28.3,26.8,24.4,27.9,29.1,28.2,28.1,28.8,29.7,28,27.6,,
14-Mar,25.1,25.2,28.3,26.9,25.7,25.2,28.8,25.9,26.4,23.2,27,26.2,25.8,28.2,25.6,26,29.7,28.2,27.3,29.2,,
15-Mar,23.7,25.7,28.5,26.4,24.1,25.5,,27.2,26.1,28.6,26,25.9,26.2,25.9,24.7,29,28.6,29.7,25.2,24.8,,
16-Mar,24.3,27.7,30.2,26.3,26.1,25.7,27.1,26.8,,26.2,25.1,23.7,26.8,27.6,25,29.1,27.1,29.7,29.5,27.8,,
17-Mar,24.8,26.3,29.3,27.1,23.6,25.7,25.8,25.5,26.4,25.9,26.9,22.5,27.3,25.8,28.1,28.9,27.6,30.7,26.1,28,,
18-Mar,23.2,26.8,29.6,26.6,23.4,25.4,24,24.8,26.7,27.1,27.4,22.5,25.6,26.4,27.6,31.2,27.6,30.6,27.3,28.1,,
19-Mar,26.3,29.3,30.2,26.4,25.2,24.9,27.4,27.3,27.7,23.7,28.8,23.5,26.5,26.3,29,30.1,28.1,29.9,27.1,27.1,,
20-Mar,24.2,29.6,30.3,26.3,24.4,25.6,27.5,27.6,28.5,,26.3,24.6,28.1,26.2,26.7,30.7,28.5,29.5,26.8,26.8,,
21-Mar,25.4,26.5,30.8,25.5,25.4,26.2,24.7,26.2,29.2,25.1,26.9,,29.1,28.4,26.4,31.8,30,29.1,25.8,26.3,,
22-Mar,23.9,26.1,27.3,24.4,24,26.1,25.8,26.4,27.4,28.3,27.7,25.5,25.3,26.7,25.7,31.4,28.8,27.9,23,25.9,,
23-Mar,23.3,27.6,29.9,25.4,24.9,26.1,26.3,27.4,28.6,22.6,27.5,25.1,26.7,26.4,25.6,30.9,27.3,29.5,24.6,26.8,,
24-Mar,24.6,25.3,30.8,24.9,25.3,25.4,25,25.3,28.5,25.7,26.8,26,27,24.2,27.1,30.5,27.5,28.6,26.2,27.1,,
25-Mar,25.2,24.1,28.5,24.2,25.3,24.8,24.5,26.2,24.4,27.7,28.1,24.9,23.6,25.2,28.5,30.8,27.3,30.1,26.4,25.6,,
26-Mar,24.4,24,26.5,24.2,28.3,25.7,25.2,26.2,,27.7,26.6,23.5,25,25.5,26.9,28.1,30.4,28.3,26.7,26.1,,
27-Mar,23.2,23.5,26.3,24.3,29.7,26.9,25.1,24.9,28,27.1,26.8,22.5,27.7,25.9,25.5,27.5,28.7,29.7,25.3,27.6,,
28-Mar,25,24.7,25.8,24.5,28.9,27.2,27.1,26.8,27.3,26.8,27.5,21.5,26.4,24.6,25.6,26.9,29.1,28.8,24.5,26.5,,
29-Mar,26.3,24.9,26.4,24.5,28.1,25.5,26.4,26.2,30.2,23.6,25.5,24.4,28.8,23.7,23.6,26.2,29.3,27,,26.3,,
30-Mar,24.3,25,25.9,24.2,26.5,26.6,27.7,25.4,28.8,26.6,26.1,20.6,27.6,24.3,26.1,27.7,29.7,25.7,25.6,27,,
31-Mar,24.3,25.8,,25.8,24,26.3,25.4,24.1,,26.7,28,24.9,25.8,25,26.8,25.2,28.8,28.1,24.7,26,,
01-Abr,27.6,23.7,24.1,25.7,,,26.1,25,28.8,27.2,27.3,24.7,24.8,24.7,23,25.3,28.8,27.2,26.6,24.6,,
02-Abr,24.7,25.3,25,23.4,24.2,25.7,21.9,25.3,28.2,28.3,25.4,23.3,24.4,24.9,22.6,24.9,26.8,27,25.8,26.5,,
03-Abr,23.7,24.8,26.2,23,24.4,24.4,25.1,23.7,26.2,25.5,27.5,24.2,27.6,25.6,20.8,25.2,28.6,27.4,26,26.2,,
04-Abr,,25.8,25.6,22.9,24.2,25.5,24.5,24.6,26.6,23.1,26.5,24.2,27.7,25.9,23.5,27.1,28.6,27.7,25.1,27.1,,
05-Abr,24.1,25.5,,23.5,24.6,24.5,27.5,25.6,25.1,25.9,26.9,24.6,27.8,24.7,25.5,24.5,29.1,27,25.9,26.9,,
06-Abr,25.1,24.9,23.5,23.9,24.2,24.5,25.8,25.8,24.5,26.5,26.2,23,30.2,26.9,24.5,27,26.4,27,26.7,27.8,,
07-Abr,23.3,25,,22.7,25.8,25.5,24.5,26,,25.1,26.3,25.6,26.7,25.8,24.6,25.7,26.9,27.9,23,25.3,,
08-Abr,23,24.7,26.1,22.6,22.7,24.1,22.8,25.6,25.8,25.6,25.5,24,28,26.7,23.6,25.6,26.1,28.2,24.6,25.6,,
09-Abr,24.5,25.1,25.7,23.9,25.3,,23.4,25.8,25.5,26.1,25.6,26,28.6,23.7,24.3,25.5,25.1,25.6,27.2,25.1,,
10-Abr,24.4,22.7,26.3,23.8,24.5,23.7,24.4,28.6,24.3,26,26.1,23.4,28.1,25.2,23.7,23.8,26.2,27.2,25.4,25,,
11-Abr,23,23.4,25.6,23,23.6,23.6,23.1,26.1,24.6,26.5,27.8,23.6,28.2,24,23.4,25.5,26.6,26.1,25.7,25.8,,
12-Abr,22.8,27,24.1,21.4,25.5,23.4,22,24.8,23.9,26.7,26.3,22.5,29.4,27.5,20.5,25.1,26.9,27.4,22.1,25.6,,
13-Abr,25.8,27.8,23.4,23,24.8,24,23.8,22.5,21.9,26.3,29.7,24.8,25.2,23.7,22.3,27.2,26.1,27.3,22,25.1,,
14-Abr,26.4,24,25.2,23.7,25.2,24.1,24.8,25.6,22.6,26.4,26.8,24.9,25.8,23.9,23,23.8,27.2,26.7,26.1,25.8,,
15-Abr,22.5,22.3,25.9,22.9,26.1,23.1,22.7,26.4,24.7,25.3,24.4,24.8,25.5,22.6,22.9,27.1,26.4,27.7,26.2,26.6,,
16-Abr,23,22,24.4,22.2,25.4,,23.5,24.6,24.6,25.1,26,23.5,25.4,22.4,23.7,25.4,26.2,25.9,24.4,25.4,,
17-Abr,23.7,25,22,21.5,25,24.2,,22.6,25.7,21.9,24.1,24.4,22.3,23.4,24.2,25,26.2,26.6,25.7,,,
18-Abr,22.9,24.2,21.3,21.8,23.6,22.5,22.5,24.7,25.1,21.7,24,24.5,23,23.9,23.8,24.2,25.1,29.7,25.6,24.7,,
19-Abr,23.4,24.7,23,21.4,21.9,22.7,22.8,,21.6,23.4,23,23.3,26,23.9,20.3,23.3,26,27.2,23.5,23.1,,
20-Abr,23.1,25.2,21.3,22.3,23,21.1,21.4,24.8,20.1,26,23.2,22.9,26,22.4,20.7,24.4,24.9,28,24.1,24.2,,
21-Abr,22.9,25.5,22.9,21.3,22.2,23.4,21.3,25.1,21.5,26.2,23.5,23.8,26.1,22.4,23,24.3,23.3,24.1,24.8,23.9,,
22-Abr,22.2,22,23.6,22.3,23.8,23.1,21.8,21.6,23.9,26.6,22.1,23.7,26.3,22.5,23.5,24.7,23.4,26.2,27.7,24.4,,
23-Abr,23,22.9,22.8,21.2,25.5,24.9,22.7,22.8,24.5,26.5,22.6,24.1,25.7,25.8,24,25.5,22.9,24.7,26.1,25.7,,
24-Abr,23.5,22.3,23,20.8,24.4,29.8,25,24.1,20.6,26.4,22.5,23.1,25.7,22.9,24.6,24.3,23.9,24.4,25.8,25.8,,
25-Abr,23.6,20.7,20.6,20.9,21.5,28.5,24.4,26.2,24.4,26.1,21.8,23.4,26.7,23.3,24.6,23.3,26.2,25.8,25.8,24.3,,
26-Abr,23.3,20.1,21.2,,21,23.2,25.1,21.6,24.7,24.5,23.3,23.7,23.6,23.9,22.5,24.2,25.8,25.8,25.7,23.8,,
27-Abr,24.3,21.2,23.6,22.8,21.2,21.9,26.2,23.8,23.9,23.5,,24.5,25.4,21,23.3,24.2,24,26.5,24.5,21.4,,
28-Abr,22.2,20,24.2,19.9,22,21.3,24.9,22.1,24.4,23.9,24.5,24.3,23.9,23.3,22.6,24.6,24.8,24.1,24.5,21.3,,
29-Abr,21.3,21,22.1,19.3,20.8,24.5,20.7,22,,25.4,26.6,24.8,26,23.8,22.6,25.3,24.5,21.6,23.2,23.5,,
30-Abr,21.8,20.6,22.2,21.8,19.8,24.6,19.3,21.9,21.6,23.2,24.4,24.1,24.2,22.5,24.6,26.9,24,23.1,23.3,24.7,,
01-May,23.6,18.9,20.8,19.8,19.5,23.1,22.9,22.3,25.3,21.7,24.5,23.4,21.8,20.3,21.8,27.5,26.6,24.2,,24.5,,
02-May,21.9,22.8,20.1,20.2,22.2,23.9,25.1,24.4,,22.8,22.5,23.2,24.8,21.8,24,25.5,25.3,22.5,23,22.6,,
03-May,23.1,24.7,21.2,20.4,20.5,24,24.5,23.2,22.1,20.7,23.3,22.3,24.8,24.5,25.8,24.9,25.2,24.5,23,22.4,,
04-May,20.6,22,23.1,21.5,24.4,23.8,21.6,23.8,20.3,22.9,21.3,22.6,23.1,19.8,21.9,25.3,23.6,24.8,23.3,24.5,,
05-May,22.3,23.3,22.2,21,26.3,22.7,22.8,23,20.2,24.7,21.9,23.8,25.5,21.3,20.9,25.7,25,25.5,22.8,24.8,,
06-May,20,21.1,21.9,21.1,21.2,22.3,21.2,23.1,22.5,24.7,21.8,23.5,24.1,23.6,22,25.9,23.9,25,24.2,24.3,,
07-May,22.8,21.5,20.9,21.4,19,21,21.7,21.4,22.5,22.7,21.5,24.1,24.6,23.5,22,24.5,24.9,26.8,22.5,22.6,,
08-May,22.1,21,20.4,18.9,21.4,20.3,21.1,22.5,19.4,24.6,20.6,24.1,25.2,21.5,22,25.5,23.7,22.2,26.4,24.2,,
09-May,23.2,23.5,21.8,20.2,21.4,21.6,21.2,23.6,19.8,21.5,21.6,22.4,23.1,23.3,22.4,24.9,25.9,26.9,23.2,24,,
10-May,22,19.6,23,21.8,17.8,21.8,21.9,22,,18.8,22.3,23.2,21.8,26.6,23,24,25.5,30.3,22.3,21.6,,
11-May,20.9,21.4,23.5,19.7,20.1,20.2,,21.5,18.7,18.5,22.1,21.1,24.6,21.9,23.8,26.3,24.7,26.8,20.6,24.2,,
12-May,20.6,,22,20.2,19.8,20.8,21,20.6,18.6,21.1,22.7,23.7,24.9,22,25,24.7,22.4,26.2,21.7,21.5,,
13-May,22.3,,24,22.3,17.9,20.8,19.5,21.9,20.2,20.1,23.7,24.5,24.7,21.5,23.9,24.3,22.6,24.4,20.8,23.7,,
14-May,,20.2,23,20.6,19.4,19.8,20.6,20.5,18.1,19.5,23.7,23.1,22.8,21.5,22.9,26,22.5,24.5,24.7,21.7,,
15-May,,19.9,22.6,17.9,18.9,21.5,23,21.2,17.7,22.7,21.1,21.5,20.9,22.6,22.8,24.3,23.1,24.5,24.4,20.2,,
16-May,18.9,18.4,22,18.9,22.8,21.5,21.8,20,18.1,20.7,21.3,19.9,21.8,21.2,24.1,24.9,22.5,24,23.1,19.9,,
17-May,18.6,17.4,21.4,18.6,20.5,20.7,19.7,22.6,17.5,21.4,20.9,21.3,21.1,23.9,22.7,25.2,22.7,22.9,22.4,21.3,,
18-May,20.5,19.7,22.1,18.3,20.3,19.3,21.4,20.6,19.8,21.8,20.1,22.8,22.6,22.6,24.6,25.6,22.1,,20.7,21.8,,
19-May,19.2,18.6,21.5,20.2,18.1,18.5,20,22.7,,,20.7,21.4,21.5,20.9,23.5,23.3,21.8,23.7,20.4,21.3,,
20-May,19.5,,20.2,19.8,19.1,18.4,20.2,21.6,19.9,20.5,22.5,21.3,22.2,20.5,22.8,23.1,20.6,22,21.8,22.4,,
21-May,19.5,18.8,18.6,19.3,17.9,19.3,22.3,20.2,,21.5,21.4,21,20.8,20.7,21.8,24.9,20.9,20.6,21,21.1,,
22-May,21,18.7,22.4,19,,21.3,19.8,20.5,21.3,22.8,20.2,20.8,21.7,19.3,22.1,22.4,21.4,23,20.9,19.5,,
23-May,22,17.7,23.4,18.1,18.8,20.2,21.8,20.4,20.7,21.7,20.9,22.5,23.3,20.6,23.4,23.3,21.5,23.9,21,19.3,,
24-May,20.4,19.8,27.4,17.2,18.1,21.6,19.3,19.7,19.9,20.9,19.6,22.9,21.6,19.1,22.7,23.9,22.8,21.7,21.2,19,,
25-May,20.2,,24.2,17,17.4,20.5,20.3,20.1,20.8,20.4,19,22.3,21.9,,21.7,23.5,21,22.5,19.3,20.4,,
26-May,22.1,19.3,20.5,17.4,17.1,20.6,21,20.1,21.4,17.9,19.6,20.9,22.8,20.6,23,24,20.7,21.7,21.5,20.7,,
27-May,21,17.3,20,17.8,19.7,19.9,17.9,17.8,21,19,23.6,21,23,22.1,24.5,23.3,21.6,23.7,20.6,21.8,,
28-May,21.8,17.3,21.1,17.6,18.4,19.1,17.5,18,21,19.9,23.8,22.5,23.8,20.2,21.7,22.6,21.5,21.5,18.7,19.4,,
29-May,21.3,18.1,21.1,17.6,17.9,19.3,18,24.9,18.7,20.3,24.7,20.7,24.9,19.6,22.3,,21.2,22.1,17.4,20.2,,
30-May,19,18.2,19.7,19.7,19.2,19.1,20.6,18.6,18.8,,22.9,21.4,23.9,18.8,22.7,24.2,20.9,20.7,18.5,20.3,,
31-May,20.7,19.2,19.6,19.9,20.2,19.6,19.3,19,19.6,18.7,19.8,22.1,22.1,18.9,24.4,25.1,,,18.5,20.4,,
01-Jun,24.2,17.9,19.4,20.9,18.2,19.1,20.2,19.6,19.5,19.8,19.9,,23.1,21.2,23.2,24.2,19.2,21.4,18,19.4,,
02-Jun,22.6,20,19.4,19.9,17.8,20.1,21.8,18.6,18.7,18.5,20.7,22.8,24.7,17.6,23,21.6,21.2,21.9,20.8,20,,
03-Jun,20.5,19.7,21.2,17.8,19.8,19.5,20.6,17.7,18.9,19,21.5,23.6,21.3,16.9,22.4,22,20.3,20.5,21.3,19.2,,
04-Jun,,18.5,20.5,17.8,20,18.1,18.2,16.5,19.3,20.9,20.7,22.3,21.9,20.1,21.7,21.9,19,20.9,19.1,18.6,,
05-Jun,18.6,19.2,19.9,17.4,20.1,18.1,19.3,16.4,19,18.9,18.1,20.9,21.6,20.1,23.8,24,20.6,20.5,19,18.2,,
06-Jun,20,17.9,19.7,17,18.9,18.7,18.9,18.8,19.9,19.6,19.5,21.8,21,19.4,22.2,24.8,20.6,21,18.8,21.7,,
07-Jun,20,17.2,19.8,17.5,20.1,17.9,18,18.5,21.4,21.1,18.5,21.9,23.5,20.1,21.8,25.4,19.8,22.8,18.9,18.4,,
08-Jun,21,18.4,19.3,16.4,18.3,17.1,21.4,18.5,19.7,18.8,20.7,22.8,24,18.7,20.6,25.8,19.6,20.6,19.8,18.5,,
09-Jun,18.7,19.5,18.2,19.1,17.4,17.3,20,17.4,18.9,19.3,,20.7,24.4,19.6,22.1,26.7,19.1,20.8,19.3,18.4,,
10-Jun,17.9,17.6,18.2,19.8,19.8,17.9,18.2,16.8,18.8,20,22.4,21,23.6,19.9,21,25.9,18.8,19.7,18.9,18.8,,
11-Jun,,18.1,17.7,17.5,18.3,17.9,19,17.4,19.7,22,19.6,21.4,22.6,21,21.7,24.1,20.6,20.7,18.2,18.7,,
12-Jun,18.7,19.5,19.6,19.4,18.5,18.3,19,17,20.1,21,19.2,21.1,23.7,21.4,20.3,22.2,22.4,23.1,17.8,20.1,,
13-Jun,18,19.4,17.5,19.8,18,18.6,19.8,16.1,18.6,20,21.2,21.6,23.7,19.5,21.6,22,19.7,21.5,18.5,20.8,,
14-Jun,18.2,19.1,17.3,20.1,17.8,18.4,19.9,18.5,19.4,20.2,19.1,21.5,22.5,22.1,23.1,21.1,21.2,20.7,18.1,19.2,,
15-Jun,19.2,17.7,17.6,19.5,18.3,19.9,18.1,18.1,21.5,21.6,20.7,22.9,25,18.6,22.3,23.3,20.6,20.7,18.1,18.7,,
16-Jun,19.5,17.4,17.4,17.7,17.9,19,,17.5,20.3,21.5,20.3,22.3,21.6,17.9,21.2,22,20.7,20.9,18.2,18.6,,
17-Jun,,17.4,19,16.8,19,18.8,18.1,17.9,19.7,19.4,18.9,24,23.9,19.7,21.7,21.3,21.2,19.6,17.4,18.4,,
18-Jun,17.8,17.5,16.8,17.4,17.4,20.4,18.8,16.4,18.5,19.4,19.3,22.9,21.7,20.4,23.4,23.6,19.9,21.1,17.7,17.5,,
19-Jun,18,17.6,16.5,18.3,18.4,19.3,18.5,17.1,18.5,20.9,18.9,21.2,24.1,20.9,22.3,23.5,21,21.9,17.9,18.7,,
20-Jun,18.1,17.2,16.5,17.4,17.6,18.7,19.7,17.8,20.1,19.8,18.3,20.7,22.2,18.2,22.7,23.2,20.5,21,18.2,19.4,,
21-Jun,16.7,16.8,17.2,17.2,20.1,18.2,19.6,17.8,19.9,20.4,19.6,20.8,20.9,17.2,23.1,24.1,19.4,21.3,19.6,18,,
22-Jun,17.2,15.7,16.6,19.1,18.3,19.3,,17.6,19.9,21,17.7,20.7,21.5,18.7,23.7,23.9,19.1,21.3,18.6,18.3,,
23-Jun,17.8,,17.6,19.6,18.4,18.1,18.9,19,20.2,21.7,21.2,20,23.1,17.8,23.9,24.1,19,21.7,19.1,19.8,,
24-Jun,17.3,16.7,17.7,17.9,17.5,19.6,19.2,17.2,19.5,20.9,18.3,19.7,23.2,15.9,23.2,23.4,21,22.5,19.2,20.4,,
25-Jun,18.3,16.8,17.4,18.4,18.2,18,18.3,17.2,19.3,,18.3,20,22.9,16.4,22.5,21.7,20.7,21.2,20.3,19.3,,
26-Jun,18.9,17,17.3,18.2,18,17.3,18.9,16.2,,19.7,18.2,22.1,22.9,16.1,22.8,24.7,19.9,20.3,18,19.8,,
27-Jun,18.3,17.4,16.9,18.9,18.3,17.9,20.4,17.1,19.5,,18.3,20.1,21.9,16.8,21.7,24,19.2,20.2,18.7,20,,
28-Jun,17.8,17.8,18.3,18.7,17.4,17.6,18.7,17.7,19.9,21.2,17.2,21.3,20.4,,20.8,22.3,19.4,21.1,19.2,19.2,,
29-Jun,17.6,17.6,19.4,20.2,17.2,19.3,19.3,18.6,20.3,20.8,19,20,21.1,18.7,21.6,22.4,19,20.4,19.3,19.1,,
30-Jun,18.3,18.1,18.7,18.8,19.9,18.8,18.6,17.2,19.6,23.7,17.5,22.3,22.6,21.5,19.9,24.1,19.8,19.8,19.9,19.5,,
01-Jul,18.4,17.2,17.3,19.6,21.6,19.9,20,17.6,20.9,22.9,17,19.8,,19.9,19.9,25.8,21,20.7,19.8,19,,
02-Jul,18.5,16.8,17.3,19.5,19.5,18.5,22.3,19.1,20.4,20.2,18.1,20.2,21.8,17,20.1,22.2,21.1,20.8,18.9,19.5,,
03-Jul,20.6,16.5,16.2,18.8,21.2,18,22.5,18.1,20.4,20.3,17.4,19.1,21.3,16.8,19.2,21.4,19.3,21,20.6,18.5,,
04-Jul,19.6,17.7,17.2,19.1,17.2,19.7,22.1,22.1,,21.2,18,18.6,21.6,16,20.3,,19.3,21.1,18.3,19.1,,
05-Jul,18.3,17.3,16.9,18.5,18.5,18.7,23.1,21.4,21.1,21.7,17.8,19.6,21.6,16.2,19.9,23.1,19.4,19.6,18.9,17.4,,
06-Jul,18.3,19.1,16.4,20.4,18.2,18.7,20.2,20.5,21.7,20.7,18.3,18.7,21.2,17,19.1,21.1,19.1,21.1,18.7,18.7,,
07-Jul,18.6,17.2,16.1,19.1,18.4,18.4,21.9,21.4,20.6,22.6,17,18.7,21.7,17.4,18.9,20.6,,,18.5,19.6,,
08-Jul,19.4,17.5,16.1,17.9,18.4,18.5,19.6,17.8,21.7,20.3,17.5,20,20.8,17.6,18.2,22.3,18.9,19.3,18.9,19,,
09-Jul,19.2,16.8,16.2,17.8,18.7,17.8,19.8,21.5,22.6,21.9,19.8,20.6,21.4,18,18.1,22.5,19.8,19.7,,18.5,,
10-Jul,19,16.9,17.9,18.9,19,19.1,20.6,18.9,20.7,20.2,19.6,19.3,,18,18.6,21.4,20.5,18.4,19,19.8,,
11-Jul,17.5,16.8,17.2,19,18.1,19.7,20.6,18.6,21.5,20,18.3,19.8,22.6,16.9,18.9,21.8,20.3,18.5,21.1,20.1,,
12-Jul,17.6,17.2,16.8,17.4,18.8,18.3,18.9,19.7,20.9,21.5,17,18.7,21.6,17.4,18.8,21.7,19.8,20.1,20.1,17.8,,
13-Jul,17.5,17.2,17.1,18.9,19.2,18.9,19.1,18.7,19.8,,18.5,19.4,25.1,18.6,18.5,20.6,,20.2,20.7,18,,
14-Jul,19,17.9,16.8,18.4,19.3,17.9,19,18.6,22.4,21.1,17.6,19.4,21.3,17,18.7,19.7,18.7,20.8,19.3,18,,
15-Jul,17.4,16.4,16.8,17.5,20.2,19.2,20.2,18.2,22.5,19.4,17.3,21.8,19.8,16.2,18.4,20.9,18.6,21.2,18,17.7,,
16-Jul,17.1,16.3,17.6,22.5,19.9,18.1,19.4,18.7,21.8,22.4,16.9,20,20.5,17.9,20.4,20.4,18.8,20,19.3,18.3,,
17-Jul,17.5,15.7,,19.6,17.3,17.8,19.5,18.3,21.7,20.7,17.3,18.8,22.5,16.6,19,19.7,18.9,21.1,19.4,19,,
18-Jul,18.1,17.6,17,19.4,17.9,18.3,18.5,19.3,22.5,21,17.2,18.5,21.2,18.8,18.3,19.5,18,20.4,18.6,17.8,,
19-Jul,17.9,,17.8,19,17.5,17.5,18.9,23.2,22.5,19.9,17.9,18.1,22.9,18.1,18.8,20.5,18.9,18.3,,17.2,,
20-Jul,17.9,16.6,18,18.9,18.3,18.1,20.1,21,21.9,18.7,18.2,,21,18.2,18.6,22.1,18.9,19,18.8,18.4,,
21-Jul,17.2,18.7,17.3,17.7,19.8,17.6,19.5,18.8,20.1,19.9,18.8,19,22.4,18.7,20.1,22.7,18.4,19.3,18.4,18,,
22-Jul,17.6,19.4,17.3,18.5,19,18.4,19.1,19.4,19.7,19.9,16.3,18.3,22.9,17.4,17.8,21.9,21,20.5,17.9,18,,
23-Jul,17.7,20.2,18.5,19.6,20.2,17.8,20.9,21.7,20,19.6,17,18,23.4,16.9,17.6,19.3,17.9,20.5,18,18.5,,
24-Jul,17.3,17.3,18.3,18.2,18.2,16.6,20.9,19.5,21.7,19.9,18.6,18.3,22.1,15.7,17.2,19.2,20,18.2,18.2,17.6,,
25-Jul,16.7,16.6,16.9,16.6,18.6,16.6,21.2,17.4,21.7,19.1,16.3,,21.8,16.4,17.2,19.1,19.5,19.9,18.9,18.9,,
26-Jul,17.9,17,17.6,16.8,20.2,18.2,21,18.1,20.4,18.4,16.6,22.1,21.7,16.4,17.8,19.4,19.3,19.7,18.3,17.1,,
27-Jul,18,19.2,16,16.4,19.2,16.9,19.1,16.5,19.4,19.5,17.2,20.5,21.9,17,16.8,19.5,21.6,19.6,18.6,16.6,,
28-Jul,18.4,18.2,18.2,16.9,17.3,,20.6,18.1,,18.5,16.7,21,22.1,16.7,17,20.6,19.1,19.5,17.3,16.6,,
29-Jul,18.6,16.4,17.5,16.5,18.2,18.5,20.1,23.4,21.1,18.1,17,20.2,20.5,17.1,18.4,22.5,20.8,19.2,17.4,16.4,,
30-Jul,20.4,16.6,17.3,18.4,18.1,,19.7,19.1,19.1,19.2,17.4,19.8,22.8,17,19.5,19.6,19.7,20.8,18.3,17.2,,
31-Jul,19,16.5,16.6,16.3,17.4,18.7,20.5,20,21,18.9,16.9,19.4,,17.9,16.9,19.1,20.4,21,17.6,17.2,,
01-Ago,18,16.9,16.2,17.5,18.4,19.2,20.6,20.3,19.6,18.7,16.8,18.3,18.9,17.5,16.8,19.1,19.9,19.9,18.2,16.8,,
02-Ago,18.4,18,16.9,18.9,17.9,19.5,19.4,19.2,19,20.8,15.8,17.8,18.9,16.6,19.8,19.3,19.5,19.4,17.5,16.9,,
03-Ago,18.9,18.6,16.4,18.8,,18.4,18.8,18.9,19.3,19.6,16.5,17.7,19.5,17.1,18.4,19.2,18.7,19.7,18.3,17.3,,
04-Ago,17.3,17.2,16.2,16.4,,19.1,19.2,18.2,20.4,20.3,16.8,18.8,19,16.5,18.9,19.9,19.8,19.7,18.4,17,,
05-Ago,,16.8,16.8,16.2,,18.2,,18.8,,18.1,18.3,17.8,19.6,19.6,18.9,18.7,19.9,18.5,17.9,18.3,,
06-Ago,18.3,18,16,17.4,17.2,17.3,19.6,16.9,19.1,18.8,18.2,17,18.4,17,18.7,21.6,18.7,19,17.6,16.4,,
07-Ago,19.5,17.1,17,18.4,18.8,18.1,20.5,17.8,20.7,20,18.5,18.3,19.3,18.3,17.7,19.1,18.4,18.9,17.4,16.9,,
08-Ago,19.8,17.9,17.2,17.7,18.4,18.7,20.2,18.4,18.5,20.2,17.6,20.1,18.5,17,18.5,19.7,19,19.4,18,18,,
09-Ago,18.5,16.6,16.6,16.5,,17.5,18.6,18.3,19.6,19.6,18.1,17.8,17.7,17.4,17.9,20.5,19.5,21,18,16.8,,
10-Ago,17.5,18.8,18.1,16,18,18.5,19.3,18.1,18.6,18.4,19.1,17.9,17.9,16.5,18.7,22.5,20.4,17.6,17.6,17.2,,
11-Ago,19.9,17.7,16.4,15.9,16.9,20.3,20.7,20.1,19.5,18.5,18.9,18.3,18.2,16.2,18.7,19.9,17.9,18.7,17,16.6,,
12-Ago,17.8,16.9,15.9,16.3,,20.2,18.5,17.2,19,18.7,17.5,17.8,18.3,16.7,17.7,19.5,18.3,20.8,18.1,16.4,,
13-Ago,17.4,16.7,16.5,16.9,16.3,19.7,19.5,19.4,19.8,19,19.3,18.8,19.4,16.6,18.5,19.4,20.1,20.4,18.4,18,,
14-Ago,18.4,17.2,,16,18.8,18.9,18.6,18.1,22.3,19.5,19.2,18.8,18.2,,17.7,20.6,19.4,19.6,18.2,18.2,,
15-Ago,,16.8,,,,18.2,19.8,20.8,19.8,18.4,18.8,18.7,17.7,,17.7,20.3,18.6,18.9,20.3,16.4,,
16-Ago,18,16.6,17.5,19.2,16.4,20.3,19,19.8,18.8,18.9,16.8,18.7,18.8,17.3,18.3,19.8,18.5,18.6,19.7,17.8,,
17-Ago,18.2,16.7,,18,,19.5,19.7,17.8,18.5,18.5,17.8,17.9,20.1,16.1,17.9,21.1,19.4,20.1,18.5,17.3,,
18-Ago,17.5,16.1,,16.6,,19.9,19,18.7,20,,17.2,18.1,18.2,17.9,18.4,20.8,20.3,18.7,18.5,17.5,,
19-Ago,18.5,16,16.9,16.9,18.4,19.6,19.9,19.5,20.4,17.9,17.1,17.4,17.5,16.8,17.6,19.1,18.2,19.7,18.4,,,
20-Ago,19.2,16.4,16.7,16.4,18.2,18.9,20.4,18.4,19.3,17.8,19.5,20.7,17.4,17.1,19,19.3,18.1,16.8,19.9,18.4,,
21-Ago,17.5,16.3,15.8,15.9,,19,,20.3,18.9,20.4,18,17.1,18.2,17.6,18.3,19.4,20.6,19.3,18.1,19.8,,
22-Ago,18.8,16.4,16.3,18.2,18,18.7,19.3,16.8,19.1,18.7,17.1,17.3,18.5,19.5,19.5,21,21.7,18.6,18.7,19.7,,
23-Ago,17.9,19.3,17.2,17.9,18.1,21.3,20.5,17.6,21.5,19.8,16.9,,17.9,20.7,18.5,22.2,19.1,17.3,19,19.5,,
24-Ago,19.7,17.5,18.2,17.4,,22.4,19.9,17.9,,19.9,18.6,16.8,18.4,22.4,19.6,22,19.1,19.2,19,17,,
25-Ago,19.6,17,19.1,15.9,,20.2,20.4,19.1,18.9,20.1,19.6,19.2,20.4,18.8,20.5,19.5,19,18.9,19.1,,,
26-Ago,19.4,17.5,17.9,15.8,20.2,21.8,20.5,18,,20.1,17.1,17.9,19.5,17.6,19.4,20.6,18.8,18.5,18.6,16.9,,
27-Ago,,17.6,17.5,16.9,,22.8,20,18.5,19.2,18.5,18.6,17.7,17.5,16.6,17.8,23,18.7,19.5,20.7,18.3,,
28-Ago,18.9,18.1,17.4,18.1,,20.8,21.1,18.9,18.2,18.7,18.1,17.6,17.5,18.5,19.8,23.2,22.9,18.7,18.4,19.8,,
29-Ago,17.6,18.2,17.4,18.8,,19.8,20.6,17.2,20.8,20.1,17.5,17.2,19.2,18.6,19.5,22,21,18.2,,17.7,,
30-Ago,19.3,16.9,19.3,18.4,20.2,18.7,20.8,16,20.8,20.8,17.6,19.2,17.7,17.3,19.2,22.6,18.9,18.4,20.5,19.7,,
31-Ago,18.8,18.7,17.8,18.4,19.6,19.7,19.1,16.2,21.6,20.9,19.4,17.4,,17.3,18.6,,18.1,18.9,17.6,18.3,,
01-Set,18.3,17.9,17.4,17.4,20.4,17.6,19.8,16.3,21.1,,17.9,16.8,17.8,17.8,17.9,23.7,18.7,18.2,21.2,18.2,,
02-Set,18.3,18.9,18.2,16.7,,19.7,19.6,16.7,19.6,19.9,19.1,17.8,19.9,19,18.3,23.4,20.8,19.2,20.2,19,,
03-Set,17,17.3,18.1,16.9,20.4,18,21.1,16.2,18.7,19.5,18.3,18.2,19.9,17.5,21.3,22.9,19.3,18.6,19.5,20.1,,
04-Set,18.1,17.4,19.1,16.9,18.6,17.4,21,16.1,19.7,18.9,,19.4,19.3,19.1,19.4,23.6,17.6,17.8,19.6,19.1,,
05-Set,18.2,17.5,18.7,17.2,19.5,17.4,,16.4,19.1,20.3,16.5,19.1,19.5,17.6,18.6,23.4,18.3,20.5,20.4,18.7,,
06-Set,17.2,17.1,18.7,17.1,21.4,18.6,19.4,17,19.9,18.8,16.8,17.7,19.3,16.8,17.2,23,18.7,20.8,18.9,18.2,,
07-Set,19.8,18.1,18.3,17.3,21,16.8,20.6,17.2,20.6,,17.6,17.8,19,19.4,19.7,20.9,20.8,20.9,19.8,19.3,,
08-Set,19.8,17.1,19,17.4,20.1,18.8,18.7,17.8,20.2,20.1,17.1,17.5,19.8,20.8,18.7,20.8,19.1,18,18.4,20.1,,
09-Set,18.9,17.2,17.7,16.5,21.4,18.5,18.9,16.6,,19.5,18.9,19,19.4,18.9,18.5,21.7,20.8,18.6,19.2,18.2,,
10-Set,18.6,17.2,16.9,16.2,18.2,18.3,21.1,15.9,20.9,19.8,18.4,20.4,18.4,20.8,17.2,21.3,20.7,18.9,18.7,19.3,,
11-Set,18,17.8,18.2,18.2,18.1,,20.5,17.7,18.4,19.6,17.9,19.5,20.8,18.6,,20.4,19.8,18,21.3,19.4,,
12-Set,18,17.5,17.6,17.4,19.9,17.5,20.8,17.3,20,19.6,18.2,18.7,19.7,20.6,24.4,21.7,18.6,17.9,18.9,18.7,,
13-Set,17.7,17.6,18.4,17.4,19.2,18.6,18.9,16.7,19.4,19.8,17.2,19.1,20.3,20.1,21.7,21.5,20.6,18.2,20.8,17.2,,
14-Set,19.6,17,18.1,16.5,18.4,18.3,19.5,17.7,19.7,20.4,17.6,19.7,18.6,,19.6,20,20.8,17.3,18.6,17.5,,
15-Set,18.8,16.8,17.8,16.7,19.5,17.5,20.4,16.3,19.2,17.9,18.4,17.5,19.6,19.2,18.3,19.2,19.3,17.7,20.9,18.2,,
16-Set,19.3,16.3,17,17.6,21.1,17.1,18.8,16.9,,20.4,18.1,17.8,19.3,16.7,18.9,19.7,19.3,17.8,19.4,17.7,,
17-Set,18.7,16.2,16.1,19.8,19.3,16.5,19.5,17.3,20.8,18.1,19.9,18.7,19.6,17.4,17.8,22.3,21.9,20,20.3,18.3,,
18-Set,18.7,17.8,19.7,18.7,21.4,18,19.3,17.1,20,18.5,19.5,20.8,21.6,18.5,18.4,23.1,,18.5,18.4,18.3,,
19-Set,19.4,17.9,17.5,18.3,23,17.6,19.6,17,20.8,18.7,19.1,18.3,19,17,17.8,21.4,20.5,18.1,17.3,20.6,,
20-Set,,18.7,16.8,18.4,20,18.5,19.5,15.7,19.9,20.2,18.9,19.7,22.4,20.1,17,22.5,20.7,,17.9,18.9,,
21-Set,17,17.7,17.7,18.6,19.7,16.7,19.7,16,20.1,19.1,19.4,19,18.9,19.3,18.4,22,19.2,17.5,20.4,18.3,,
22-Set,18.9,18,18.6,19.8,20.9,17.9,20.2,17,19.4,18.1,19.7,18.1,20.5,18.2,18,22.4,20.9,18.8,,18.7,,
23-Set,19.2,17.4,17.6,19.1,18.6,19,19.3,16.1,20.7,19.9,18.6,19.9,20.1,17.7,19.7,20.7,19.9,18.8,19.9,20.1,,
24-Set,20.7,17.4,17.4,17.1,21.3,17.6,19.2,16.4,,18.4,18.7,20.4,19.5,17.1,18.3,19.9,21.1,21.2,19.1,19.2,,
25-Set,18,18.1,17.9,18.1,21,17.3,20.2,15.9,20.7,18.6,17.8,19.4,20.3,18,17.4,20.6,19.5,19.6,19.2,19.2,,
26-Set,19.6,18.2,19.1,18,20.4,18.9,19.5,16.4,20.6,18.7,19.5,19.9,19.4,18,18.2,21.1,21.4,19.2,19.8,20.6,,
27-Set,19.7,17.6,17.7,18.9,21.7,19.3,19.9,15.9,20.4,18.4,17.1,19.8,19.3,18.7,19.5,20.3,21.1,18.9,20.5,20.2,,
28-Set,19.7,16.8,,17.4,20.9,19.2,20.1,16.8,19.8,18.7,18.9,19.8,18.8,18.6,20.8,20.5,21.5,19.7,20.4,20.4,,
29-Set,18.1,19,18.2,18.7,21.2,18.2,19.4,15.7,20.9,20.2,18.7,19.2,18.6,18.6,19.8,23.7,20,20.5,20.2,21,,
30-Set,19.9,18.3,17.8,19.2,21.1,,21.8,18.8,21.1,18.3,18.8,21,20.2,19,18.5,22.9,20.7,20.1,20.3,19.4,,
01-Oct,19.8,16.6,,18.9,20.5,18.6,20.7,17.7,20.7,18.8,19.8,20.6,18.7,17,18.9,22.7,21.1,20.2,19.7,20.9,,
02-Oct,19.8,18.4,17.5,19.8,19.8,18.7,19.6,17.2,20.2,18.9,18.2,20.6,19.1,17.5,19.7,23.1,22.4,19.5,20.1,19.7,,
03-Oct,19.9,18.4,18.4,19.5,21.3,18.5,18.8,16.7,20.2,20.2,17.7,20.3,20.7,16.3,20,22.5,20.9,20.3,22.7,21,,
04-Oct,18.9,17.8,20,19.2,22.4,17.8,19.5,17.1,19.4,20.7,18.9,20.2,19,17.1,19.5,23.1,20.2,20.8,22.4,19.8,,
05-Oct,18.8,18.9,19.7,19.4,23.2,19,20.4,16.4,18.9,20.3,17.4,20,19.3,19.9,20.8,20.8,20,19.3,21.2,18.6,,
06-Oct,18.9,17.5,19.5,19.4,22.6,17.5,20.6,17,18.9,21,18.1,21,19.1,18.5,18.6,21.3,21.3,19.6,21.2,18.2,,
07-Oct,19.8,18.8,19.4,20.2,21.2,19.5,19.3,18.3,18.4,20,19.5,19.1,19.6,18.1,18.5,22.7,22,20.2,21.4,19,,
08-Oct,20,17.9,20.5,18.4,19.1,18.7,21.3,19.5,18.9,19.6,18.6,20,21.1,17.9,18.5,25.2,21.5,19.3,22.6,18.2,,
09-Oct,19.4,17.8,,18.5,21,18.5,20.4,16.6,18.4,17.8,19.9,20.8,18.9,18.9,20.3,22.5,22.4,18.3,23.1,18.9,,
10-Oct,19.7,17.7,19.9,17.9,22.1,19.1,20.7,17.8,,20.4,17.7,19.4,18.5,20.5,20.6,23.2,,18.8,22.8,18.1,,
11-Oct,19.9,18.7,19.9,19.6,21.9,20.4,20.3,16.8,20.7,20.8,19.4,20.4,20.4,19.5,21.6,22.4,21.9,20,20.6,19.5,,
12-Oct,19.7,18.7,19,18.4,20.4,17.8,20.5,16.3,19.1,,19.8,18.7,19.4,17.8,19.9,21.9,23,22.7,21.3,20.9,,
13-Oct,19.3,18.5,,19.6,20.5,17.9,20.3,18.5,18.9,21.5,19.6,19.8,19,19.9,20.3,23.3,21.8,21.7,21.7,20.2,,
14-Oct,19.9,17.5,,19.7,20.2,17.9,21.8,17.7,19.4,19.7,18.2,20.7,19.2,21.1,20.4,21.3,22.6,18.8,19.5,21.7,,
15-Oct,20,18.9,19.6,19.3,21.3,19.5,21.9,16.9,21.5,21.8,19.6,18.8,19.8,19.8,20,22.1,20.9,19.4,20,21.5,,
16-Oct,18.8,19.5,19,18.6,20.8,19,20.5,17.5,20.1,19.4,19.7,19.9,21.2,18.3,21.9,22.7,23.2,20.3,22.4,21.8,,
17-Oct,20.3,18.5,,18.7,20.8,19.3,21.1,16.5,20,21.7,18.7,20.8,21.1,19.4,22.1,20.7,21.5,19.5,20.8,20.7,,
18-Oct,18.2,18.5,20.3,20.9,20.8,18.1,21.1,17.3,20,20,20,19.1,20.9,20.6,21.2,23.6,22.8,20.1,20.7,20.3,,
19-Oct,19.7,19.2,20.6,21.6,19.5,17.6,21,19.1,23.2,19.8,19.6,18.1,20.7,19,21.2,24.7,21.3,18.5,20.9,20.5,,
20-Oct,21.3,19.6,20.2,26.3,20.6,19.3,20.8,18.5,21.1,20.8,19.1,20.1,20.6,19.5,22.3,23.3,21.8,19.9,22.4,20.5,,
21-Oct,21,18.8,20.9,20.7,20.4,19.6,22.1,18,18.6,20.6,19.8,22.8,20.7,20.3,20.2,21.1,23.2,19.5,20.9,19.2,,
22-Oct,19.5,18.5,21.6,19.4,20.2,19.6,21.6,19,,19.1,20.7,21.8,20.7,20.6,20.2,21,22.2,22,20.1,20,,
23-Oct,20.8,18.7,,19.6,21.2,,21.7,18.3,20.5,21.3,19.2,21.6,21.4,20.5,20.5,22.8,,22.6,20.6,20.5,,
24-Oct,20.1,19.7,18.8,20.3,21.8,19.9,22.8,18.6,,20.3,20.2,21.4,21.5,20.8,21.4,21.9,20.9,19.6,20.3,19.8,,
25-Oct,18,21.2,20.7,21.6,20.5,20,22.1,19.3,20.4,19.3,20.5,20.2,,20.6,22.4,21.8,22.4,20.2,22.1,20.8,,
26-Oct,20.3,20.9,,20.4,21.2,19.9,22.8,20,,19.7,20.2,22.3,20.7,20.4,22.4,21.1,22.1,21.1,20.2,20.9,,
27-Oct,19.5,19.1,,21.2,21.2,19.3,21.1,19.2,19.5,21.3,19.7,20.9,22.4,20.2,21.6,24.7,21.1,19.6,20,21.4,,
28-Oct,18.8,20.6,19.3,20.3,,19.5,21.7,18.1,19.6,21.7,19.1,22.2,,18,22.6,23.9,22.1,20,21.2,21.4,,
29-Oct,20,20.2,19.1,20.4,21.4,18.1,21,20.3,21.1,21.2,20.6,22.2,20,20.8,21.9,22.4,22.6,21.8,22.6,19.6,,
30-Oct,21.3,18,21.3,21.4,20.9,17.6,22.6,19.6,20.5,21,20.1,21.8,22,20.2,20.8,21.3,23,21,22.3,22.2,,
31-Oct,21,20.3,21.6,20.7,20.6,20.6,21.8,19.4,21.8,21.4,18.2,22.2,,21,19.4,22.2,23,19.7,21.4,21.2,,
01-Nov,20,21.2,19.7,20.9,20.3,19.1,21.2,19.3,19.9,21.8,18.6,21.7,21.5,21.4,20.7,21.5,23.1,21.2,21.9,23.1,,
02-Nov,20,19,,21.8,21.3,19,20.6,18.6,22.8,21.8,20.3,22.2,21.6,22.2,23.3,21.6,22.8,19.1,22.9,22,,
03-Nov,20.1,19.1,19.4,21.9,22,20.2,21.1,18.6,21.5,22,20.9,22.6,19.8,19.6,21.9,22.7,22.7,20.2,22.9,21.4,,
04-Nov,20.1,19.8,18.9,22.2,22.7,18.5,21.7,20.2,,22.6,21,23.1,20.4,,21,22.6,22.3,18.7,23.3,20.3,,
05-Nov,20.9,20,20.1,22,21.4,20,21.6,18.9,21.9,22.6,18.8,21.5,21.7,20.3,20.6,22.5,21.3,21.2,23.5,20.3,,
06-Nov,20.2,19.5,,21.9,22,21.6,21.8,18.6,21.4,20.9,19,22.8,21.2,18.4,21.8,22.9,22,20.7,23.3,21.5,,
07-Nov,21.5,21.8,20.4,22.4,22.8,19.9,22.6,18.7,21.1,21.8,19.9,22.1,22.2,19.2,23.1,22,23.3,20.9,22.7,22.7,,
08-Nov,20.5,19.9,20.3,22.4,23.2,20.7,19.8,20.1,21.4,22.8,19.7,22.2,21.5,18.9,22.9,21.1,23.2,19.3,21.9,22.4,,
09-Nov,20.9,20.1,19.9,21.7,22.4,20.8,21.8,18.5,21.5,22,20,22.5,21.3,21.5,22,22.7,22.8,20.9,23.4,21.8,,
10-Nov,20.5,20.1,19.4,22.3,22.2,21.6,22,20,21,21.6,19.8,23.1,20.7,20.5,20.7,23.7,23.5,20.6,23.1,22.6,,
11-Nov,20,18.9,17.7,22.4,21.9,21.3,21,,20.8,21.6,20.7,21.5,21.1,20.4,22.3,20.8,23.9,22.4,23.2,22.4,,
12-Nov,20.8,19.8,20.3,22.3,22.5,21.6,20.5,18.5,22.4,21.7,20.6,23.3,22.9,19.6,22.7,22.6,24.3,22.5,23.1,22,,
13-Nov,19.6,19.8,20.9,22.5,21,19.6,22.7,20.5,21.3,22.8,21.2,23.7,21.5,,23.2,22,24.6,22.3,22.6,21.7,,
14-Nov,19.5,20.1,20.8,21.5,22.4,20.8,21.9,19.8,22.9,21.1,21.6,23.8,21.6,20.6,21.6,20.9,24.1,23.2,23.2,23.4,,
15-Nov,20,20.6,21.5,22.4,23.3,20.3,22.4,20.1,22.7,,20.4,22.6,23.6,21.7,22.5,22,22.5,22.6,21.4,21.7,,
16-Nov,18.9,19,21.1,22,23,21.7,22.4,20.3,21.8,23.4,20.8,,23.2,21.9,23,22.2,24.1,22.5,22.3,22,,
17-Nov,19.9,20,21.5,21.1,23.7,20.9,23.2,19.2,21.6,22.5,21.7,22,23.1,20.4,22.7,23.2,23,22.6,23,22.4,,
18-Nov,20.5,20.3,19.9,21.8,23.9,19.8,21.4,20.5,23.8,22.7,21.5,23,22.7,21.7,22.4,23,23.4,22.8,23.9,21.9,,
19-Nov,21.3,21,21.7,22.8,23.3,21.4,22.4,19.9,22.1,22.8,22.2,22.9,22.1,21.8,22.5,23.2,23.1,22.3,23.6,21.1,,
20-Nov,20.9,21.2,21,21.9,22.7,19.5,22.7,20.4,,21.9,23.2,21.2,22.4,24.1,23.7,22.5,24.5,23.5,22.3,23.3,,
21-Nov,20.8,21.3,20.6,22.7,22.9,19.6,21.4,20.5,22.3,22.7,21.9,,23.1,21.6,21.5,22.8,25.1,24.1,23.1,,,
22-Nov,19.5,21.2,20.9,22.4,21.2,21,24,19.6,22.4,22.7,22.1,23.6,21.6,21.6,24.1,21.4,24,22,23.7,24.3,,
23-Nov,21,20.9,21.2,23.4,22.9,22.1,24.4,19.7,23.2,22.6,22.3,21.9,23.7,23.3,21.4,23,24.9,24.6,23.8,23.6,,
24-Nov,20.8,20.7,22.6,23,22.9,23.1,24.3,21.3,23.6,23.7,19.9,22.8,23.1,22.7,22.2,23.3,24.5,22.6,23.8,24.2,,
25-Nov,20.9,21.3,22.1,23.7,22.3,22.2,23.8,20.6,22.5,23.2,22.2,20.8,23.7,23.3,22.4,23.7,24.7,22.2,24.1,24.7,,
26-Nov,21.7,21,22.1,23.7,21.8,21.3,23.6,19,24.1,22.4,20.9,23.9,22.9,21.9,24.6,23.9,25.2,22.2,24.2,24.4,,
27-Nov,21.9,21.9,22.2,23.9,,20.6,23.2,21.9,23.4,21.6,22.6,24.1,22.5,22.1,24.5,21.9,23.4,23.2,24.9,24.6,,
28-Nov,22.8,21.9,22,23.8,22,22.1,22.6,22.4,24.2,23.6,23.2,22.7,23.8,20.3,22.5,23.6,23.2,23.2,25.2,25.4,,
29-Nov,23.1,20.7,21.5,23.4,,22.2,21.6,20.3,24.2,22.4,22.4,23.8,23.7,23.1,22.6,24.1,22,22.9,24.5,21.9,,
30-Nov,19.5,20.8,21.4,24.3,,21.8,23,21,23.4,22.6,21.3,23.4,23.4,22,22.2,22.5,22.8,22.4,25.5,23.7,,?
01-Dic,22.4,21.8,22,23.8,,22.1,22.2,20.6,22.7,21.5,21.5,23.7,22,23.5,24.4,22.8,23.8,23.6,25.1,23.9,,?
02-Dic,22.7,22.3,22.7,23.4,,22.1,22.1,20.6,23,21.7,22,22.8,24,23.6,23.2,24.1,24.5,23.5,25.1,23.8,,
03-Dic,23,22.1,22.4,24.3,,22.4,23.7,21.4,23,21.8,21,23.9,23.7,21.5,22.6,23.9,26,23.4,26.7,21.6,,
04-Dic,21.6,19.7,23.4,22.6,,22.2,22.8,21.6,23.2,21.4,22.1,24.4,21.8,24.1,23.9,23,25.1,22.2,26.4,24.7,,
05-Dic,22.3,20.8,22.6,22.9,22.8,21.4,20.5,21.9,24.3,23.2,20.6,24.1,21.8,24.3,24.7,24.9,22.5,21.3,26.5,23.9,,
06-Dic,21.8,20.5,22.5,22.2,,22.3,,21.6,24.8,24.5,21.8,22.9,23.4,23.2,24.7,24.5,23.3,22,25.1,23.6,,
07-Dic,22.7,19.9,22.7,22.5,,21,22.9,20.7,23.3,24.2,22.6,23,24.9,24.1,22.9,22.6,24.8,23.2,24.3,24.2,,
08-Dic,21.9,21.8,22.3,21.3,24.6,22.3,,21,22.1,23.8,23.4,22.4,22.9,25.2,24.8,24.5,24.7,23.2,23.9,24.7,,
09-Dic,22.3,22.2,23.5,23.4,24.8,22.3,,20.2,24.4,24.8,21.7,23.6,22.6,25.1,25.7,25.3,24.8,23.8,25.8,25.2,,
10-Dic,22.8,20.8,21.6,23.5,26,22.1,,20.9,25,22.4,21.4,23.1,23.3,25.6,25,25.4,24,24.6,25.8,25.4,,
11-Dic,20.2,20.8,21.6,23.9,24.7,23,21.9,20.9,25.4,23,23,23.5,24.8,23.6,24.9,24.1,24,23,24.3,22.4,,
12-Dic,23.7,22.4,22.3,23,23.1,23.4,23.1,21.9,24.5,22.4,23.9,24.2,24.2,24.1,23.1,25.2,,23.8,24.1,23,,
13-Dic,23.9,22.9,23.1,22.4,25.9,24.4,,21.3,24.6,22.8,22.2,24.4,24.6,24.3,22.2,22.9,24.9,23.1,25.5,25.5,,
14-Dic,24,22.9,23.8,24.4,25.7,23.3,24.9,21.4,25.6,24.3,19.9,22.5,25.5,25.3,23.3,24.7,24,22.6,26.8,24.6,,
15-Dic,21.6,21,23.6,23.4,27.4,24.7,23.6,21,24.6,24.1,21.7,24,25.4,23.8,23.9,26.4,24.1,24.7,24.7,23.9,,
16-Dic,24.6,22.4,24.6,22.9,26.1,24.7,,23.2,24.5,25.1,22.6,26,24.6,23.4,23.1,25.8,24.8,22.7,25.7,23.5,,
17-Dic,21.3,23.4,24.6,23.4,25.1,24.7,23.5,,23.6,25.4,23.5,24.1,25.4,25.7,23.5,25.6,24.9,24.2,25.4,25.5,,
18-Dic,21.5,24.7,25.2,22.2,26.5,24.7,22.5,21.7,24.8,25.7,23.6,22.8,24.1,27.3,22.8,23.5,26.4,25,26,24.7,,
19-Dic,23.1,24.8,23.5,22.6,26.3,24.8,24.9,21.6,25.3,25.5,24.3,23.2,24.9,25.1,23.6,25.7,25.8,25.2,26.1,24.5,,
20-Dic,25.2,23.6,23.4,23.5,25.8,24.2,25.1,23.1,25.8,25.6,22.1,25.5,25.1,23.8,25.7,24.9,26.5,25.2,25.6,23.9,,
21-Dic,23.5,24.1,24.7,23.4,25.9,25,23.6,23.2,24.4,23.5,22.7,25.6,21.6,24.7,24.5,23.6,25.1,25.8,25.3,24,,
22-Dic,23.4,25.1,22.6,23.5,24.2,23.8,24.7,21.3,24.7,24.4,24,23.8,25.5,25.8,23.9,24.5,25.6,24.2,26,24.3,,
23-Dic,23.7,23,22.1,23.9,24.4,,23.8,22.1,25.9,24.7,23.7,23.9,24.5,24.4,23.3,23.6,25.6,23.7,25.2,25,,
24-Dic,24.8,23.5,23,24.8,25.1,25,24.4,23.6,24.9,25.1,24.5,24.6,23.8,24.2,23.2,23.7,25.9,24.8,23.8,24.4,,
25-Dic,25.3,24.4,21.9,23.9,,25.3,23,22.8,24.1,27.5,24.7,23.1,25.1,26.4,23.5,24.9,26.8,25.6,26.5,25,,
26-Dic,25.1,24.2,22.5,23.4,25.2,23.6,23.7,22.9,26.2,27.8,23.6,23.9,27.3,26.1,24.7,25.9,25.7,23.6,26.4,25.6,,
27-Dic,24.6,,22.9,26.1,25.4,25.6,24.8,22.8,24.7,28.6,24.3,24.1,25.1,25.7,24.1,25.4,27.5,25.2,26.6,25.5,,
28-Dic,24.1,23.8,23.3,23.7,27.5,25.6,24.6,22.5,25.7,26.3,23.4,26.3,24.8,24.7,24.1,28.4,25.9,26,26.7,26.7,,
29-Dic,23.8,25.7,23.6,24.6,28,24.4,25,22.9,25.2,27.2,24.7,26.1,25.2,24.5,25.2,26.5,25.7,23.2,27,25,,
30-Dic,23.4,23.9,24.8,24.6,26,25.3,24.9,23.7,24.4,25.9,23.2,26.6,25.9,26,23.7,24.6,26.5,24.1,26.4,26.6,,
31-Dic,24.3,26.1,23.9,23.9,24.2,25.3,26.5,24.5,25.1,26.5,24.1,27.2,25.9,25.4,25.2,24.8,26.8,25.6,25.1,26.2,,
