DD/MM,2000,2001,2002,2003,2004,2005,2006,2007,2008,2009,2010,2011,2012,2013,2014,2015,2016,2017,2018,2019
1-Ene,26.2,25.9,25,23,26.5,24.5,27.1,28.1,,,,27.4,28.7,29.1,27.8,22.2,27,29.7,27.3,26.3
2-Ene,25.2,24.9,25.5,23.6,23.4,26.1,26.1,27.4,,,,26.7,28.5,26.3,27.5,26.9,29.2,27.4,28,26.7
3-Ene,24.1,28,26,23.5,26.5,25.7,26.2,28.5,,,,27,27.9,28,27.7,28.6,29.6,28.2,29.1,26.6
4-Ene,26.6,23.3,26.6,25.1,26.6,27.1,26.1,23.2,,,,27.5,29.6,27.8,28.6,26.8,28.9,26.6,26.1,27.9
5-Ene,25.4,24.1,25.2,25.9,24.6,28,28.2,26.5,,,,25.3,29.5,28.5,28.1,26.8,29.3,29.5,24.6,28.8
6-Ene,27.4,26.5,25.5,25.5,26,26.5,29.1,25.5,,,,26.3,27.7,27.7,27.5,26.6,30.3,32,26.4,24.9
7-Ene,31.5,26.8,25.5,27,26.4,26,27.9,26.3,,,,25.6,26,27.1,25.1,27,24.6,31.6,28.1,29.4
8-Ene,27,29,25.5,23.5,29.5,28,26.9,25.4,,,,26,29.1,28.1,30.3,27.1,25.7,26.6,27.1,28.6
9-Ene,24.7,27.2,27.8,27.2,28.5,28.7,26.7,25.2,,,,27.1,29,27.3,29.9,28,28,29.8,28.2,29.5
10-Ene,23.1,26,27,27.2,27.4,28,27.2,29.2,,,,25.6,27.8,26.8,28.1,27.3,28.7,30.4,29.4,25.8
11-Ene,24.4,28.2,26.5,27.5,28.2,30.1,26.5,29,,,,26.9,26.5,27.9,26.8,27.2,28.4,30.2,27.6,30.4
12-Ene,27.1,29.3,25.5,23,27.6,30,26,27,,,,27.6,28,26.8,28.8,27.1,28.7,29.8,27.9,28.9
13-Ene,28,28,27,23,27.4,28.4,26.9,24,,,,28.4,28.7,28.5,,26.3,26.9,28.9,27.8,27.6
14-Ene,26.5,28.2,27,28,28.4,24.1,27.2,27.8,,,,30,29.7,29.1,28.8,26.8,25.6,28.4,27.6,27.9
15-Ene,27,27,27.5,28,28,27,27,28.7,,,,28.6,27.8,27.9,,27.6,28.2,30,27.6,28
16-Ene,27.3,27,27.8,28.6,29.6,30,31.5,28.9,,,,27.3,28.4,25.8,,25,29.3,31.3,27.7,27
17-Ene,27.8,28.5,28,28.8,29,30.3,27.8,26.4,,,,28.6,28.4,28.4,,27.3,30.3,29,29.3,26.1
18-Ene,28.8,29.5,28,28.6,27.5,29,28.8,26.6,,,,30.7,28.1,29.1,,27,30.1,30.4,26.7,26.8
19-Ene,26.9,29.4,28.2,27.8,28.6,28,29.5,29.8,,,,28.1,28.5,27.6,,28.9,,29.9,27.1,28.4
20-Ene,24,28.4,28,30.1,27.6,28.3,30,26,,,,26,28.3,28.5,26.4,25.8,29.1,30.3,27.2,27.6
21-Ene,28,28.5,27,30,28.5,29.5,31.8,30.4,,,,27.2,29.8,27.6,,26,29,29.8,28.1,28.1
22-Ene,27,28.5,27.5,26,28,29.1,28.9,28.8,,,,28.1,28.5,29,29,27.9,29.3,32,27.7,29.3
23-Ene,28.8,29.5,27.3,25.4,29,28.9,28,28.4,,,,30.3,29.2,27.1,,27.2,29.2,29,28.4,29.6
24-Ene,28.7,27.8,25.8,28,30.1,29.5,28.2,29.2,,,,27.7,27.8,29.2,,27.8,25.8,26.7,29.3,28.6
25-Ene,28.8,27.9,22.5,27.1,28.8,29,27.2,29.8,,,,28,27.1,28.9,,27.6,28.9,30.6,29.2,29.7
26-Ene,30.2,27.2,27.6,27.7,27,28.2,28,28,,,,30.7,28.6,29.3,29.5,27.8,30.6,31.6,30.3,30
27-Ene,28.2,26.5,28,27.5,27.5,26.2,28.3,29.4,,,,27.7,28.1,29.6,,28.4,30,31,29.2,28.9
28-Ene,29.5,28.9,26.4,28.1,28.4,27.3,28.4,28.8,,,,25.8,27.6,28.6,28.9,30.7,29.1,31.4,28.6,31.3
29-Ene,27.3,29,28.2,28.5,28.5,28,27.7,29.8,,,,28.5,27.4,28.5,,29,30.8,31.7,28.1,31.2
30-Ene,28.5,29,28.6,28.6,29.2,27.9,28.3,28.8,,,,30.8,28.9,28.1,30.1,26.8,29.6,32.4,29.3,32
31-Ene,30.9,28.6,29,29.4,26.5,28.1,28.9,28.3,,,,26.9,28.6,28.2,31.4,28.4,31.1,31.3,29.4,29.7
1-Feb,31.4,27.6,29.2,30,27,27.3,28.6,29.9,,,,26.8,29.5,30.3,28.9,27.1,28.5,31.5,29,31.1
2-Feb,29.5,30.1,30.2,30,28.6,27.2,28.5,28.5,,,,29,29.3,31.4,27.8,27.3,29.9,30.6,27.9,30.4
3-Feb,29.5,30.2,28,28.6,29,29.4,29.2,28.6,,,,29.2,29.3,29.5,28.3,29.3,30.9,30.6,27.5,30.4
4-Feb,27.6,29.8,27.2,29.5,28.5,30.1,28.2,28.8,,,,28.9,29.8,28.6,28.3,28.8,31.3,32.1,28.1,29.1
5-Feb,27.3,28.2,26,28.4,29.2,28.6,27.9,27.8,,,,31.1,29.1,29.1,28.7,30.3,31.7,31.2,30,31
6-Feb,29.5,27.5,30,29.3,29.4,29.5,29.2,26.6,,,,29.1,28,29.6,30.4,29.7,30.4,29.8,27.8,29.7
7-Feb,30.6,29,31,29.5,29,28,29.7,30.7,,,,30.4,28.9,30,29,30,31.3,30.4,27.9,31.8
8-Feb,28.4,29,30.5,28.7,29.5,29.2,28.5,27.3,,,,30.7,32.5,30.5,28.4,29,28,30.3,29.1,27.4
9-Feb,28.5,27.5,31.2,29.6,29,29.5,28.9,30.4,,,,30.8,28.7,31.7,28.8,31.2,31.7,31.3,29.4,30.4
10-Feb,27.5,26.6,30,30.9,29.6,28.8,28.9,30,,,,28.2,29.1,31.1,28.9,31.7,29.2,30.5,29.4,31.8
11-Feb,28.5,27.9,28.4,29.1,28.9,27,29,30.1,,,,29.5,28,29.8,30.3,30.3,29.6,32.2,29.6,29
12-Feb,28.4,28.2,28.7,29.9,29.3,28.6,29.4,28.1,,,,27.8,30.4,30.4,28.8,28.6,,31.3,29.3,30.7
13-Feb,28.5,28.5,28.6,26.5,27.8,29.9,29.7,28.5,,,,29.3,,30.5,28.4,28.6,31.8,30.6,29.3,30.6
14-Feb,30,29.7,29.5,28.8,29.5,28.4,30.1,28.2,,,,27.6,31.5,30.2,29.8,30.3,,31.8,30.5,30.4
15-Feb,29.5,29.9,29,27.5,29.2,26.6,30.6,29.2,,,,29.6,32.3,30.4,29.2,28.2,29.9,31.4,29.3,31.3
16-Feb,25.5,30,29,30,30.2,25.1,31,28.1,,,,30.2,29,30.2,30,29.1,,32.4,29.1,30.6
17-Feb,29.5,29.5,27,28.8,29.5,29.3,30,30.8,,,,29.3,29,28.7,30,30.2,31.2,31.3,30.3,30.4
18-Feb,28.5,30.5,30,29.9,29.4,30.6,29.6,30.7,,,,27.5,28.6,29.4,29.9,27.1,31.6,30.8,30.2,31
19-Feb,29.1,30.6,28,29.5,27.1,28.5,30,30.1,,,,29.3,29.2,28.5,29.8,32,30.9,32,27.6,30.1
20-Feb,29.8,30.4,27.5,29.8,29.4,30.5,29.6,28.1,,,,30,30,29.4,30,31.3,30.8,31.1,29.8,32.4
21-Feb,29,29.6,29.5,30.5,30.1,24.2,28.7,28.2,,,,29.6,29.8,29.4,29.5,32,31.4,31.3,30.2,33.4
22-Feb,30.5,30.5,30.5,29.7,28.8,25.8,30,28.5,,,,28.9,28.4,29.7,29.5,32.5,30.9,31.9,29.7,29.9
23-Feb,30.2,30.1,30,28.6,29.6,28.4,29.8,29,,,,28.5,29.9,28.9,29.6,30.1,31.7,32.4,28.7,29.3
24-Feb,30.3,31,29.4,28.5,29,28.9,29.8,28.5,,,,29,30,29.4,28.3,27.2,31.6,31.4,28.8,29.7
25-Feb,28.7,29.4,29.6,28.5,28.5,28.9,28.4,26.8,,,,30.4,29.2,30.4,29.6,28.4,31.1,32.1,30.2,31.4
26-Feb,28.8,30.6,29,29.9,32.2,27,29.4,27.8,,,,,28.9,30.3,30.9,28.6,30.2,31.9,29.8,31
27-Feb,29.5,28.6,27.2,29.7,30,28.4,29.9,28.9,,,,,29.5,32.3,30.7,30.1,32.8,32,28.6,32
28-Feb,27.9,30.8,29.7,29.6,27.7,28.8,30.5,27.6,,,,,28.1,29.8,28.1,30.5,33.9,31.3,29.8,31.7
29-Feb,29.9,,,,28.3,,,,,,,,30,,,,30.2,,,
1-Mar,29.5,28.8,31.9,27.9,29.4,28.6,30.7,28.4,,,,29,30,29.5,30.2,27.9,30.7,30.5,29,31.9
2-Mar,28.5,30.6,29.5,28,29.5,29.1,29.8,28.5,,,,29.2,29.6,31,29.4,29.4,31.5,31.3,28.2,31.6
3-Mar,28.5,31.5,26.9,28.4,28.6,28.9,29.3,29.4,,,,30,28.3,31.8,30.7,29.5,30.9,32.2,28.1,30.5
4-Mar,29.2,32.5,29.5,29.6,29.8,26.4,29.2,27.8,,,,29.5,28.4,30.8,30.2,28.5,30.2,31.8,28.8,30.2
5-Mar,28.8,32.4,27.8,30.2,28.5,29.2,28.9,28.8,,,,29.7,28.4,31.2,29.7,28.3,31,31.9,27.5,31.2
6-Mar,29.8,29,30.6,28.9,28.8,28.4,28.8,27.4,,,,28.2,28.5,31.5,30,29.4,31.7,31.4,29,30.8
7-Mar,29.2,29,29.5,30,29,30,30.7,28.1,,,,29.7,30.6,32.6,31.8,29,31.6,31.9,28.9,30.2
8-Mar,30.2,30.1,30.4,29.7,28.5,30.1,30,28.2,,,,29.5,29.3,30.7,27,29.5,32.9,29.6,29.5,31.2
9-Mar,31.3,29.5,29.6,28.9,28.1,29.6,29,28.4,,,,29.7,28.7,30.6,28.4,28.3,32,32.1,30.1,31.2
10-Mar,31.2,29.1,29.4,29.4,28.1,30.4,29.8,27.5,,,,30,30.5,29,28.7,29,31.3,31.7,29.2,31
11-Mar,30.5,30.5,29.5,29.5,28.3,30.3,29.3,27.6,,,,28.5,30.5,28.7,30.6,29.8,31.7,31,29.4,31.1
12-Mar,30,29.5,30.5,29,27.5,28.9,27.6,27.2,,,,29.7,29.4,30.1,28.5,30.2,30.7,32.2,26.9,31.1
13-Mar,30.1,28.6,30,29.5,29.8,28.9,29.6,27.8,,,,29.8,28.3,29.6,29.6,30.7,32,31.8,28.9,31.6
14-Mar,29.4,30.5,30.1,29.5,29.6,25.8,30.9,28.4,,,,31,29,29.5,29,30.2,32.4,29.4,30.2,31.5
15-Mar,26.4,30,29.4,29.4,28,28,29.4,27.9,,,,29.3,29.8,29,29.4,29.9,30.1,30.7,29.9,29.8
16-Mar,27.9,31.4,27.5,29.5,29.4,26.5,28,28.4,,,,28.4,27.8,28.4,29.4,29.4,29.5,31.6,30.2,30
17-Mar,27.9,30.5,29.4,31,28,29.6,28.8,25.8,,,,28.6,29.7,28.6,30.5,31.1,30.2,31.6,30.3,30.5
18-Mar,29,31.4,28.8,28.6,28.3,28.2,27.5,27.4,,,,28.8,27.1,29.1,29.8,31.6,30.1,31.1,30,30.3
19-Mar,30,31.9,29,29.2,29,28.6,28.5,27.5,,,,28.3,27.7,29.4,31.2,31.6,30.3,30.7,29.6,
20-Mar,28.5,32,29,30.5,28.5,28.2,29.2,29.8,,,,28.7,29.7,27.7,30.6,29.8,31,30.9,29.4,
21-Mar,29.3,31.5,28.5,30.5,28.6,28,28.6,27.8,,,,29.8,31.1,31.1,29,32.2,31.8,31.1,28.4,
22-Mar,27.9,31,29,27.6,29,29,29.2,27,,,,27.7,30.1,28.8,29,32.4,33.3,30.3,27.8,
23-Mar,26.1,30.3,27.7,27.1,28.4,28,29.2,29.8,,,,27.8,28.9,28.7,28.3,31.8,30.4,31.5,27.6,
24-Mar,27.3,29.5,29.8,27.5,28,27,26.7,26,,,,28.6,29.3,26.8,29.1,31.3,32,30.7,29.4,
25-Mar,28.8,27.5,28.9,28,28.2,23.9,28,28.5,,,,27.8,27.5,27.3,30.9,31.1,30.9,30.8,29.7,
26-Mar,29.3,29.5,27.8,27.5,29.6,27,29.5,28.3,,,,27.3,28.7,27.9,30.7,31.5,30.6,30.1,29.1,
27-Mar,29.2,27.5,28.3,27.2,30.5,28.2,27.4,28.3,,,,26.5,29.5,27.7,27.7,32.1,31.3,30.7,29.6,
28-Mar,29.4,29.5,26,26.5,29.6,28.7,27.4,29.1,,,,27.2,28.8,28.7,28.4,29.1,30.9,30.3,30.6,
29-Mar,29.5,29.4,29,28.3,29,28,28,28.8,,,,27.7,30.8,,26.3,27.9,32.3,29.2,27.6,
30-Mar,27.5,28,28.5,27,31,28,28.6,27.8,,,,28.1,29.4,,27.8,30.1,33.5,29.5,27.8,
31-Mar,28.5,30,28.1,28,28.5,27.9,28.5,26.8,,,,28.8,28.5,,31.1,28.6,30.9,29.4,27.2,
1-Abr,30,30,24.5,30.2,26.4,28.5,28.6,26.7,,,,28.2,29,,28.8,28.1,31.5,29.5,28.7,
2-Abr,29.8,29.2,28,28,28.1,27.5,27.8,26.8,,,,25.9,28.6,28.2,27.6,28.2,30,28.9,29.1,
3-Abr,27.7,30,27.2,26.1,27,27.2,28.1,26.2,,,,27,29.1,,25.4,28.3,31.4,28.8,29.4,
4-Abr,28,29.2,28.1,25.5,27.6,29.6,27.3,26.7,,,,26.4,29.7,,27.5,28.8,31,29.5,29.3,
5-Abr,28.5,28.9,26.1,26.5,26.7,26.2,28.6,27.6,,,,27.6,30.6,28.3,28.5,29.2,31.9,29.7,28.7,
6-Abr,28.5,28.6,25,27.4,26.5,27.8,29.2,26.9,,,,28.3,30.8,29,26.9,30.1,29.7,28.5,29.6,
7-Abr,27.5,28.4,27.7,25.8,27.5,27.5,28,27,,,,29.4,29.1,,27.4,29.2,29.2,30,28.2,
8-Abr,27.6,28.2,28.5,26.5,27.1,27.4,26,28,,,,27.8,27.4,28.7,27.5,28.3,27.8,29.6,27.6,
9-Abr,27.9,29,28.1,28,28.4,26.9,26.2,27.1,,,,28.5,29.7,29.6,29.3,27.6,28.9,29.4,28.2,
10-Abr,27.5,27.8,29,27.5,27.5,27.5,27,28.7,,,,27.2,29.9,27.7,26.8,28.7,28.3,29.7,28.9,
11-Abr,27.6,28.9,28.5,27.4,27.5,27.7,26,28,,,,26,29.4,26.2,26.2,28.3,28.9,28.3,28.7,
12-Abr,27.5,29.6,26.8,26.1,29,28.5,25.7,27,,,,28.1,30.9,32,26,29.1,28.7,29,27.3,
13-Abr,28.5,30.5,25.9,26.5,28,26.5,27.3,26.2,,,,28.5,30.7,27.5,25.8,29.5,30.1,29.1,27.2,
14-Abr,29,27,28.9,27,27.7,26,27.6,26.8,,,,30.8,27.9,28.6,25.6,29.9,30.6,28.3,28.7,
15-Abr,27.3,25.5,29.5,27.4,29.3,28.5,26.9,29.2,,,,27.3,28.4,26.4,25.2,29.9,28.8,29.7,28.5,
16-Abr,28,22,29.1,25.5,29.3,27,26.5,26.8,,,,25,28,25.5,26.5,29.5,29.3,27.5,27.5,
17-Abr,28.8,27.5,24.2,25.6,29.9,26.5,25,25.4,,,,26.4,25.3,26.2,27.1,28.3,28.5,26.6,27.9,
18-Abr,27,29,25.1,25,28,26.5,25,26.5,,,,26.9,27.4,27.6,27.3,26.7,27.9,30.1,28,
19-Abr,27.5,27.7,26,26.1,26.9,26,25.7,27.4,,,,25.7,27.4,30.4,26.4,27.7,28.7,29.1,26.5,
20-Abr,26,29,25.4,25.2,24.5,23.5,24.9,28.4,,,,25.5,28.6,26.3,27,26.8,26.5,29.5,27.3,
21-Abr,27.8,29.5,27.1,25.5,26.2,25.5,23.6,27.8,,,,26.5,28.6,26,26.2,26.9,27.9,29.2,28.1,
22-Abr,27.2,25,26,24.9,26.4,25.4,23.6,25.5,,,,28.4,28.7,24.7,26,27.3,26.4,29.1,29,
23-Abr,27.8,26.7,25.5,26,28,25.5,25.4,27.4,,,,28.6,28.1,27.1,26.4,27.6,26.2,26.7,28.6,
24-Abr,28.3,26.8,26.9,24.5,29.4,29,27.4,26.2,,,,25.5,27.4,26.4,26.8,25.3,28.9,24.8,28.8,
25-Abr,28.4,27,25.9,24.1,26.5,30.5,26.3,25.3,,,,24.5,27.7,26,26.7,26.4,29.7,27.2,29,
26-Abr,28.2,23,25,24.5,25.2,28.3,27.1,25,,,,25.7,26.9,26.8,22.1,25.8,29,28,28.4,
27-Abr,30.3,24.5,27.7,25,24.6,24.1,28.6,26,,,,25.3,26.6,27.1,26.2,26.3,27.1,27.8,27.4,
28-Abr,28.5,24,28,26,24.6,24.5,28.5,25.2,,,,26,26.3,,24.8,22.8,27,26.8,28.2,
29-Abr,26.9,25,26,24,23.6,24.8,28.1,26.2,,,,25.7,27.3,,21.3,26.6,29.1,20.7,25.5,
30-Abr,27.5,24.7,24,27.4,22.5,28.1,27.1,25.2,,,,25.7,28.9,26.4,26.1,26.4,22.3,21.7,26.2,
1-May,27,24,23.2,26.5,23.9,24.5,26.9,25,,,,25.1,24.3,24.6,21.7,29.2,29.8,26.5,25.5,
2-May,25.2,25.1,24.7,23.5,25.7,24.8,28.1,25,,,,25.1,27.1,23.2,,26.6,29.2,23.4,27.3,
3-May,27.4,28.5,24,24.6,25.4,25.2,27.8,24,,,,21.8,28.2,27.3,,27.7,27.2,26.4,25.7,
4-May,24.6,25,26.5,25.1,26.4,26,24.5,24.9,,,,22.6,26,24,,25.8,29.7,25.4,23.6,
5-May,26.5,26.5,25.5,24,26.3,24.9,24.7,25.5,,,,24.3,25.7,19.9,,26.7,28.4,26,25.5,
6-May,26,24.1,24.5,25.4,26.3,25,25.4,24.5,,,,23.8,25.1,26.3,,26.3,27.1,26.1,26.8,
7-May,25.7,22.9,25,25,24.5,23.4,25.9,24.4,,,,25,25.7,28.2,,25.6,26.9,28.5,25,
8-May,25.3,23,20,23,25,18.5,24,24.4,,,,25.4,26.9,21.2,,25.8,28,24.3,27.4,
9-May,27.1,25,24,20.6,24.5,22.1,25.1,24.3,,,,22.9,24.9,25.7,,25.6,27.6,26.7,26.4,
10-May,26.5,22.6,25,23,23,23,24.6,23.2,,,,26.4,24,26.8,,24.8,27.6,30.5,27.1,
11-May,30.5,24.1,26.2,25.2,24.3,22.1,25.9,24.8,,,,21,25.8,25.1,,26.2,29.7,30.4,25.3,
12-May,30,22.9,25.5,26,24.9,22.8,24.8,22.6,,,,24.1,26.9,25.4,,25.6,26.5,27.4,24.5,
13-May,30.1,22.8,25.8,26.5,21.9,24.5,24.5,24.4,,,,24.8,27.4,24.6,,25.2,27.9,25.8,22.6,
14-May,29.4,23.5,26.5,23.5,23.5,23.2,22.9,24,,,,24.3,25.5,24.7,,26.5,21.6,25.8,25.4,
15-May,26.4,24.4,24.5,22,22.4,23.5,22,23.8,,,,23.7,24.8,,,26.1,24.3,26.8,27.6,
16-May,27.9,22.8,24.8,25.1,24.6,24.8,23.9,23.2,,,,18.6,23.6,27.3,,27.8,24.3,25.2,26.3,
17-May,27.9,19.5,24.5,23.4,25,24.5,23,26.6,,,,20.6,19.6,25.6,,28,25.9,23.6,24.4,
18-May,29,22,24.2,23.6,25.5,20.7,23.4,25.4,,,,23,23.5,26.3,,27.7,25.2,24.5,23.9,
19-May,30,22,23.1,25.5,24.8,18,24.3,25.8,,,,20.9,20.5,,,21.6,25,23.5,24.1,
20-May,28.5,22,24.5,25.4,23.4,17.1,24.9,23.5,,,,22,22.6,20.6,,21.8,23.8,22.8,25.2,
21-May,29.3,23.8,23.4,25,22,18.1,24.7,22.9,,,,20.6,20.3,,,25.9,24.3,20.3,24.1,
22-May,27.9,22,25,23.5,22,21.8,24.6,23,,,,19,22.8,,,21.5,24.9,22.7,24.1,
23-May,26.1,20.8,27,22.5,22.6,19,23.1,23.8,,,,22.5,,20.8,,23,24,25.1,23.2,
24-May,27.3,22.5,30,21,21.7,21.4,18,23,,,,22.9,23,21.8,,24.7,25.9,19.8,22.9,
25-May,28.8,21.3,28,22.2,21.2,21.8,20.7,20.3,,,,23.4,,22.7,,22.7,25.8,22.7,20.4,
26-May,29.3,20.5,24.5,21.5,17.2,22.6,21.9,21.8,,,,19.5,22.9,22.8,,24.2,23.5,21.4,22.4,
27-May,29.2,19,22.5,19,22,21.8,22.2,20.5,,,,18.7,22,23.1,,24,24.2,24.8,22.6,
28-May,29.4,18.2,23.5,21,20.1,18,21.2,19.9,,,,22.1,22.9,22.7,,20.7,24.9,21.2,22.2,
29-May,29.5,20.5,24,18.5,20.3,20.1,21.2,22.8,,,,19.8,24,25.3,,24.3,24.6,21.3,22.3,
30-May,27.5,19.6,22.5,21,20.3,19.5,26.2,19.6,,,,22.3,23.9,22.9,,24.4,26.1,18.8,20.8,
31-May,28.5,20.2,22.1,21.5,22.1,20.9,22.6,20.6,,,,22.1,20,23.5,,26,24.7,18.1,20.3,
1-Jun,24.3,20.5,18.5,22.6,20.1,20.2,22,20.8,,,,22,22.7,24,,25.8,22.3,19.3,19.8,
2-Jun,25.9,20.3,22,23.2,16.9,20.6,23.6,20.6,,,,24.4,24.4,21.3,,20.4,24.4,21,,
3-Jun,24.5,20,23.2,20.5,21,21.4,22.3,21,,,,24.7,20.6,20.9,,20.6,,20.9,21.4,
4-Jun,18.8,20.6,23.1,20.4,22,20.5,19.8,20.1,,,,23.9,20.7,21.4,24.4,20.6,23.3,22.3,21.3,
5-Jun,17.5,20.8,22,20,22,16.5,22.1,15.1,,,,23,20.7,21.7,22.6,23.2,23.3,19.8,17.5,
6-Jun,19.6,18.5,22.5,18.2,18,18.5,21.6,20.9,,,,21.4,19.6,22.4,21.2,24.4,23.2,18.9,16.9,
7-Jun,22.5,17.5,22.5,17.1,22.1,18.3,19.8,21,,,,20.7,22.7,23.5,19.9,23.9,22.4,,18.9,
8-Jun,23.1,17.3,21.5,23,18.5,16.3,23.6,21.4,,,,22.7,24.7,21.8,19.1,26.8,25,16.7,21.3,
9-Jun,20.5,20.5,22,20.5,16.1,16.9,22.4,19.6,,,,19.4,22.3,18.5,21.9,26.9,22.2,19.7,17.2,
10-Jun,19,17.8,21,20.5,19.6,19.8,19.4,19,,,,19.8,23.3,,19.9,27.2,23.8,19.1,18.1,
11-Jun,18,18,17,21.5,20,17.7,21.2,20.6,,,,20.6,24,,20.4,26.2,24.6,19.5,17.2,
12-Jun,18,23,21.5,18,20,19.4,20.2,20,,,,21.9,23.7,22.6,18.8,19.2,24.1,22.4,16.1,
13-Jun,18.5,23,19.1,21,17.8,19.5,21,17.8,,,,20.6,24,,20.3,20.8,24.2,23.1,17.3,
14-Jun,18,21.5,17.1,22.2,16.5,19.4,20.2,20.5,,,,20.9,24.1,,23.4,19.5,23.8,23,17.5,
15-Jun,20.5,17,19.3,22.5,18,21.4,20.4,21.6,,,,23,24.4,,22.4,23.7,22.4,22.7,16,
16-Jun,21.2,18.6,17.3,21,17,20.4,18.7,21.8,,,,22.9,20.4,,20.3,20.9,22.3,21.7,17,
17-Jun,20,18.7,20.1,18.4,19.6,17.5,18.2,20.9,,,,24.8,24.7,,20.3,20.2,19.7,18.2,16.3,
18-Jun,17.1,17.5,16.5,19.6,16.2,21.9,20.6,17.9,,,,23.8,19.1,,23.7,23.8,20.6,20.1,17.3,
19-Jun,19,17,17.5,21,19.5,19.9,19.6,18.5,,,,20.6,24.3,,21.5,24.6,21.6,22.7,16.9,
20-Jun,19.2,16.8,16.1,20.1,19.5,20.9,20.2,18,,,,20.2,25.4,,23.3,21.1,19.8,21.8,16.8,
21-Jun,16.7,17.1,19,19,19.5,21.1,21,21.2,,,,21.4,18.9,,22.1,23.4,17.9,23.5,20.2,
22-Jun,17.1,16.9,18.5,19.1,18.4,19,20.6,18.8,,,,19.4,21.7,20.6,23.6,24.3,,21.9,17,
23-Jun,16.8,16.2,18,21.5,21,18.2,21,20.9,,,,19,22.4,,23.5,24.6,17,23.3,17.2,
24-Jun,15.5,18.5,17.5,22,17,21,20.7,20.6,,,,,23.2,,23.3,24.4,21.8,22.2,17.8,
25-Jun,19.5,18,17.5,22,17.4,18,18,18.5,,,,,22.3,17.4,20.6,20.6,22.2,23.4,21.7,
26-Jun,20.5,17.5,17.4,20,19,19.4,18.3,18.4,,,,,24.8,16.6,23.5,24.2,19.2,19.4,18.1,
27-Jun,20.5,19,17,20,20,17,20.8,15,,,,,22.6,16.3,22.5,25.5,21.2,19.5,18.1,
28-Jun,18.4,19.1,20,17.7,17.5,16.9,19.8,18.5,,,,,19.7,15.2,22.5,22.2,21.4,21.3,17.2,
29-Jun,17.5,19,21.3,22.2,16.5,17.8,20,20,,,,18.5,20.1,,19.3,22.9,17.5,19.8,17.9,
30-Jun,17,20.3,21.6,21.5,15.8,21,20.3,16.9,,,,20.8,22.6,,19.4,23.1,19.9,19.7,21.4,
1-Jul,19,15.8,16.5,24,21.8,20.6,19.7,16.9,,,,19.4,19.7,23.8,18.4,26.2,21.2,20.8,20.3,
2-Jul,19.5,17,18.6,22.4,21.6,17,23,18.3,,,,18.2,22.1,20.6,19.9,22.7,22.9,22,21.6,
3-Jul,21.6,17.5,16.2,21.3,22,15.9,23.7,15.6,,,,17.7,19.7,17.2,18.5,21.5,21.1,21,21.3,
4-Jul,21.5,20.4,17,21.4,20,21,23.8,19.8,,,,17.1,20.2,16.8,19.2,20.2,20.6,23.9,17.8,
5-Jul,20.5,15.8,16.7,17.5,17.5,19.9,23.1,18.2,,,,18.3,20.4,17.1,21,23.2,18.7,21.6,21.1,
6-Jul,18.8,19.5,17,22.5,17.2,18.2,21.8,18.9,,,,17.2,21.2,19.3,17.8,20.4,18.2,21.8,17.8,
7-Jul,19.5,18.8,16.5,19,18.9,18.1,21.7,19.6,,,,17.1,21.7,19.3,17.6,19.7,20.8,21.7,15.9,
8-Jul,20.2,19.5,16,19,19,18.4,18.6,16.5,,,,18.8,19.6,19.8,18.8,21.4,17.3,18.5,17,
9-Jul,19.8,17,16,18.5,19.6,19.2,18.8,20,,,,21.9,19.8,20.3,17.9,23,19.2,20.7,18.2,
10-Jul,20.3,17,20.5,18,19.2,19.5,21.6,17,,,,18.2,23.3,19.3,17.9,22.4,20,19.1,17.4,
11-Jul,17.5,18.2,19,21.5,19.1,20.4,21.1,15.1,,,,18.4,22.5,16.8,17.9,,21.5,19.2,22.6,
12-Jul,17,18.8,17.5,17,18,19.8,18.9,15.4,,,,16.7,,16,19.7,22.8,19.6,21.4,22.7,
13-Jul,17.3,17.5,17.4,18.6,18.4,18.5,18,16.5,,,,18.4,24.3,19.5,18.5,21.9,20.7,20.3,23.4,
14-Jul,20.5,19.5,15.7,18,20,16.3,18.4,15.8,,,,19.6,,17.1,20.1,18.5,17.8,21.9,19.3,
15-Jul,17.1,19.5,20.5,17,21.6,20,19.7,15.5,,,,,18.4,17.3,16.6,21.2,18.2,21.6,16.5,
16-Jul,16,18.2,18.5,21,21.3,18.6,20,16.5,,,,,18.2,18.7,20.6,20.1,18.9,20.2,19.2,
17-Jul,16.6,18.5,19.2,22,17.1,17.1,18.8,16.8,,,,,21.3,17.9,20,19.5,19.9,21.7,20,
18-Jul,18.4,19.5,17.5,21,16.2,19,18,17.2,,,,,19.7,22.9,20,19.1,17.1,21.8,17.4,
19-Jul,18.6,17,17.8,20.5,17.6,16.9,17.1,20.7,,,,,22.6,20.6,21.3,19.4,19.4,16.8,22.5,
20-Jul,18.2,15.5,17.9,22,19.4,19.8,18.2,19,,,,,,20.5,20.5,23.1,19.6,20.4,19.1,
21-Jul,18.2,18.9,16.9,18.5,19.4,19,17.8,17.4,,,,,22.5,19.5,21.2,24.5,17.6,20.7,16.2,
22-Jul,17.5,17.5,16.5,20.5,19,20.1,18.5,15.6,,,,,22.3,17.3,17,24.2,,21.9,17.7,
23-Jul,18,22.2,20.5,20.6,20.4,19.8,21.3,19,,,,,22.7,16.2,16.1,18.6,,24,16.8,
24-Jul,18.7,21,20,21.6,19.1,17,21.6,18.9,,,,,22.2,16.2,16.6,18.5,20.3,17.3,17.4,
25-Jul,16.2,16.5,17.1,18,19.8,15.8,21.7,16.9,,,,16.2,20.3,16.9,15.9,21.4,20,21.3,18.6,
26-Jul,16.6,15.5,17,19,21.7,19.1,21.5,16.6,,,,17.4,21.6,20,16.3,18.1,18.6,19.3,17.2,
27-Jul,18.5,18.5,17.1,19,20.5,18.2,18.5,15,,,,21.2,21.5,15.3,17.8,20.5,22,19.9,18.2,
28-Jul,18.6,22,20.1,19.5,17.5,18.1,19.4,16.1,,,,22.7,22.1,16.8,16.9,19.4,21.7,20.4,17.4,
29-Jul,17.6,17.1,19,19.1,18.3,16.2,19.3,19.5,,,,21.5,17.6,16.2,20.4,24.3,21,18.1,16.9,
30-Jul,20.5,16.5,17,20.5,20.5,18.8,20.5,16.4,,,,21.5,22.6,16.7,21.7,19.3,,22.3,20.9,
31-Jul,20.8,15.5,16.5,16.5,17.6,20.1,21.8,17.1,,,,20.6,18.6,17.3,20,18,22.7,22.5,17,
1-Ago,19,19,17.5,20.2,,19.5,20.8,18.8,,,,17.7,17.5,18,15.3,18.8,21.5,21.4,18,
2-Ago,18.5,20,17,20,,19.9,18.9,16.4,,,,16.2,17.1,17.6,18.6,18.7,18.6,20.6,16.9,
3-Ago,18.2,19.5,15.7,19.9,,19,17.3,17.8,,,,15.6,18.5,18.8,19.6,18.9,18.8,21.1,16.9,
4-Ago,17.2,18.5,15.5,17.2,,20,17.8,15.3,,,,20,18.1,15.3,20.9,21.5,18.3,21.1,17.9,
5-Ago,19.2,17,16.9,16,,19,19.8,16.5,,,,17.2,18.4,17.3,22.2,21,20.4,17.8,17.1,
6-Ago,18,19,16,16.5,,17,19.8,15.2,,,,16.2,18,17.5,20.7,22.2,18.6,17.6,16.8,
7-Ago,20.9,17,19,18.8,,18.9,20.9,13.9,,,,18.5,19.7,21.3,17,17.2,17,21.2,16.7,
8-Ago,21.9,20,17,21,,19.8,20.4,15.5,,,,20.9,17.4,19.2,17.4,18.7,18.8,20,17,
9-Ago,20.2,18.5,16,20.3,,16.6,17.8,17,,,,20.2,17.1,17,17.9,18.9,21.3,21.6,17.7,
10-Ago,18,20.2,18,19.6,18.5,18.2,18,17.4,,,,16.8,17.2,17.3,19.4,23.5,21,16.9,16.9,
11-Ago,22.8,19.2,16.4,19.5,17,20,22.8,19.5,,,,17.7,18,15.9,19.2,19.1,19.5,19.1,16.7,
12-Ago,17.7,18.3,15,17.5,21,20.8,17.6,15.5,,,,17.2,18.6,19,17.7,20,18.8,21.3,17.6,
13-Ago,16.8,17,16.5,20,20.5,19.8,21.1,15.9,,,,18.2,20.6,16.9,21.4,19.3,20.5,20.3,17.3,
14-Ago,18,18.5,19.9,17.5,20,19.4,18,16.2,,,,20.7,20.9,20.4,18.2,21.5,21.2,20.7,18.6,
15-Ago,18,19,19.4,19,20.4,18.8,19.6,19.6,,,,,17.6,18.8,19.6,20,17.3,20.2,20,
16-Ago,16.7,17,19,21,19.1,20.7,17.4,19.4,,,,,20.3,17.6,19.9,19.9,18.4,19.8,19,
17-Ago,17.6,17.8,16.5,22.8,20.6,19.9,17.9,16.7,,,,16.5,23.1,16.8,17.5,22.4,21.3,20.8,22.8,
18-Ago,18.5,16,17.4,18.1,17.5,20.2,18,15.2,,,,15.5,19.3,21,19.5,22.6,21.5,19.6,18.1,
19-Ago,19,15.5,17,20,17,20.6,20.1,17.8,,,,16.2,16.8,20.7,17.9,18.7,16.7,21.6,18.3,
20-Ago,20.5,16.5,17.3,18,17.7,20,22.2,18.4,,,,19.2,17.3,20,20.7,18.6,15.9,15,20.1,
21-Ago,18.5,18,15,16.5,16.5,20.5,20,19.8,,,,15.4,19.1,17.8,18.1,18.2,22.8,20.9,17.8,
22-Ago,20.6,17,16.7,20,17,18.9,19.8,14.4,,,,16.9,19.8,20.4,20.4,22.2,22.4,21.3,18.8,
23-Ago,19.5,22,17.9,21,17.8,19,21.2,15,,,,16.4,19.3,20.9,19.3,23.1,20.1,17.8,,
24-Ago,21,22,20.5,19.3,16.9,20.1,19.9,15.8,,,,15.1,16.8,22.1,19.7,22.6,19.5,17.5,17.7,
25-Ago,21.1,22,20.8,17,21,18.7,22.7,15.8,,,,22.2,19.5,20.1,22.2,18.5,24,20.4,18.7,
26-Ago,21.6,19.5,18,16.5,20.8,20,20.4,15.9,,,,17.3,21.2,16.4,20.6,18.5,21.2,21.8,18.5,
27-Ago,20,19.5,17.9,21,21,20.5,18.9,17.2,,,,16.7,18.8,20.1,19.6,23.7,20.5,21.9,20.5,
28-Ago,21.2,21,17.5,20.5,20.5,20.4,17.9,20,,,,15.6,17,20.4,21.5,25.6,24.4,20.9,17.7,
29-Ago,17.6,19.5,18,21.5,21.1,20.4,21.2,18.8,,,,15.6,21,20.9,21.8,23.2,22,17.6,17.5,
30-Ago,22,19,20.5,20.6,21,17.4,21,16,,,,20.1,20.2,19.5,23,23.3,16.5,20.2,20.2,
31-Ago,20,20.5,19.4,20.5,22,21.2,17.5,16.4,,,,16.3,19.4,20,18.5,22.3,17.3,20.7,18.2,
1-Set,19.5,20.5,19,20.6,,16.1,18.3,17.5,,,,15.6,18,19.6,17,24.3,17.4,19.4,22.6,
2-Set,20.5,20.5,18.5,20.5,,19,19.3,19,,,,17.4,22.5,20.7,16.4,24.1,22.7,20.7,21.2,
3-Set,18,18.5,19.6,19.9,,18.7,21.3,16.4,,,,18.9,22.5,17,23.4,22.5,21.9,20,20.9,
4-Set,21.4,18.5,21.5,18.8,,17,23.2,17.5,,,,19.3,17.7,22.7,19.9,24.1,18.3,17.7,19.6,
5-Set,20.7,20,20.2,20.1,,15.9,22,17,,,,20.8,19.1,20.7,21.1,23.6,19.5,22.3,22.4,
6-Set,17,21,20.5,17,,19.5,21.3,19.2,,,,19.9,18.4,16,15.7,23.4,21.3,22.2,21,
7-Set,21,21,19.5,18.2,,17.9,21.4,20.8,,,,17.6,18.8,17.4,20.3,21.5,21.5,22.8,22.7,
8-Set,21.3,19.1,21.5,19.9,,20.1,19.7,19.7,,,,15.3,21.7,22.9,18.3,20.4,19.6,18.1,22.7,
9-Set,18.6,17.8,19.9,16.5,,18.9,19.4,18.2,,,,18.7,20.6,22.6,16.5,22.9,21.1,17.1,20.8,
10-Set,20.5,18,17.2,16.4,18.6,19,22.3,16.5,,,,22.3,18.9,23.9,18.9,21.8,22.8,19.6,18.3,
11-Set,20.2,19.5,21,20.5,17.5,15,22.3,19,,,,22.2,21.8,20.3,21.6,19.5,21.1,16.8,20,
12-Set,20,18.2,20.5,20.2,19,15.2,19.2,18.6,,,,20,20.7,21.5,24.6,24.8,17.6,17.2,20.4,
13-Set,18.2,18,20.6,20.1,19.5,21.6,18,16.6,,,,20.1,21.8,23.4,26.3,24,,17.6,21.2,
14-Set,21.2,21,17.5,17.5,16.5,19.2,20.3,19.4,,,,22.4,18.2,23.5,23,22,21.8,15.6,18.8,
15-Set,21.6,18.5,17.3,17.6,18,18.7,21.4,16.8,,,,16.6,21.8,22.2,18.6,20.6,19.9,17,23.1,
16-Set,20.5,17.5,16.7,18.5,22,16.8,19,16.7,,,,17.5,19.6,16.5,21.4,18.9,19.2,22.6,20.5,
17-Set,21.5,19,16.1,21.6,19.5,15.8,22.7,18.9,,,,17.2,18.1,17.2,17.9,23.5,24.7,24.5,22.5,
18-Set,21.1,18.9,22.1,21,22.1,19.4,22.1,18.6,,,,21.9,23.5,20.6,17.2,24,25.7,21.7,18.7,
19-Set,22.4,19.8,22,21.4,23.2,16.5,21.6,17.8,,,,20,17.4,20.7,18.4,23.6,23.7,18.3,16.6,
20-Set,20.1,22.5,17.6,20.3,18.5,21.9,21.3,15,,,,20.5,22,23.1,16.6,22,22,15.7,17.9,
21-Set,18,21,18,21.2,18.3,16.1,19.2,17.1,,,,20.4,20,21.5,20,23,20.2,16.5,22.2,
22-Set,20.3,21.1,21.6,21.5,20.7,18.3,21.5,16.4,,,,19.2,21.3,18.4,18.3,23.4,22.1,18.9,23,
23-Set,21.5,19.5,19.5,21.6,17.5,20,21.2,15.9,,,,20.7,21.3,20.9,23,20,21.2,21.6,21.4,
24-Set,22.3,19.4,20.1,17,22,18.2,19,18.5,,,,22,20.4,16.8,20.5,18.6,23.1,24.2,20.9,
25-Set,21,21,20.2,18,21.1,17,19.3,16.3,,,,21.2,21.3,20.6,16.6,19.2,17.9,22.8,20.5,
26-Set,21.6,20.4,22,20,20.5,19.8,20.6,18.8,,,,20.9,20.1,20.6,20.1,20.8,22.3,21.8,21.6,
27-Set,24.3,19.6,22.4,22,22.2,21,22.5,17.5,,,,21.4,,19.5,20.6,18.6,22,21.4,23.7,
28-Set,21.6,16.5,20,20,22.4,20.5,20.4,19.5,,,,22.1,,21.7,22.3,19.1,22.6,21.9,21.8,
29-Set,19.9,22.5,21.5,20.7,21.6,16.8,17.1,17.4,,,,20.1,,21.3,22.2,21.6,18.7,23.1,23.1,
30-Set,22,21,17.1,22.1,22.1,16,22.9,21.6,,,,20.2,20.9,21.8,21.8,23.8,20.5,21.3,23.2,
1-Oct,22.4,19.6,22.4,20.7,,18.7,21.6,19.8,,,,22.5,,19.8,21.5,24.4,21.9,23.1,21.1,
2-Oct,19,21,19.5,22,,21.8,21.1,20.6,,,,23,,19.3,23.8,24.9,23.5,24.5,23.5,
3-Oct,21,21,19.9,22,,21.1,18,18.8,,,,22.8,,17.9,21.2,24.6,21.1,23.3,26,
4-Oct,21,20.8,21.9,21.4,,18.3,18,20,,,,21.2,,20.2,20.7,26,20.3,23.9,23.8,
5-Oct,21.1,22.5,21.1,21.6,,20.1,22.7,19.4,,,,20.4,,22.6,23,19.8,19.7,21.9,21.9,
6-Oct,21.3,20.8,22.6,21.4,,17.4,21.8,18.6,,,,21,,,20.8,19.5,22.2,22.2,22.9,
7-Oct,21.6,21.2,20.5,22.2,,22.1,20.7,21.7,,,,19.9,,,18.8,19.8,23.4,22.4,21,
8-Oct,22,21.5,22.5,20.6,,21.3,22.2,23.1,,,,21,,19.8,19.7,25.2,22.2,23.1,24.2,
9-Oct,21.5,21.8,22,20.6,,20,21.9,18.4,,,,22.2,,,22.6,24.7,23.5,21.3,24.3,
10-Oct,21.4,20.2,23,18.5,22.4,21.9,21.4,21,,,17.9,20.3,,20.7,22.2,24.7,24.8,20.1,24.1,
11-Oct,23.2,21.5,21.5,22,22.5,22.4,21.3,15.6,,,,18.9,17.3,,24.7,24.2,23.1,20.7,19.9,
12-Oct,22.1,22,20.1,21.5,22.1,20.6,21.8,15.6,,,21.9,17.3,20.7,,23.1,23.7,23.3,25.5,20.9,
13-Oct,22,21.5,21.9,23.2,23.5,18,22.3,20.2,,,20.8,20.1,18.2,,22.2,23.9,22.8,25.3,21.7,
14-Oct,22,18,20.8,24,22.5,18.2,24.3,20.1,,,20.6,22.4,18.3,,21.3,24.1,23.7,22.4,19.2,
15-Oct,22.8,20.5,21,22.9,22,21.1,23.1,20.2,,,21.4,19.5,20.8,,22.2,23.1,20.7,23.7,20.1,
16-Oct,22.5,21.5,20.2,19.5,22,21,21.2,20.5,,,22.6,22.2,22.8,,24.1,25.1,23.2,24.7,22.2,
17-Oct,22.9,19.5,21,19.6,22.6,20.8,22.2,17.8,,,22.3,21.2,22,,25.5,22.5,23.7,22.1,21.1,
18-Oct,19.5,21,24,22.5,21,20.5,22.1,18.5,,,21.9,20.5,22.9,,24,24.9,24.2,22.6,23.3,
19-Oct,20,22.5,22.1,22.5,19,17,22,21,,,22.1,19.9,22.8,,22.7,26.3,24,21.1,21.7,
20-Oct,22,22.7,21.9,24.5,20.9,20.7,22.9,20,,,20.9,22.4,21.4,,24.4,25,25.3,22.4,23.2,
21-Oct,23.1,21.5,23,24.5,23.6,22.1,24.2,20.5,,,20.6,23.1,22,,22,20.4,22,23.9,23.1,
22-Oct,22.2,20.5,25,22.2,21.2,21.5,23.1,21.2,,,21.4,22,21.5,,22.5,22,23,26,21.3,
23-Oct,22.4,20,23.9,22,22,20.2,20.2,19.6,,,20.4,23.2,22.6,,22.6,24.5,,26.2,19.7,
24-Oct,22.3,21,21.1,22.5,25.2,21.8,24.5,20.8,,,21.9,22.6,23.2,,21.7,21.6,22.1,22.9,20.4,
25-Oct,21,22.5,21.9,23.2,21.6,20.8,22.6,20.6,,,21.5,19.3,23.9,,21,20.1,23,21.7,23.5,
26-Oct,22.4,21.5,22.1,25,23.5,21.8,24.3,21,,,20.9,22.2,23.4,,24.1,21.1,24,23.9,22.8,
27-Oct,21.5,19,23,23.2,22.5,20.2,20,20.4,,,20.6,22.1,25.6,,22.8,25.9,,22.3,22.7,
28-Oct,20.9,21,21.5,21.5,24.5,21.8,22.8,18.2,,,16.6,22.2,19.2,,24.3,25.1,22.4,21.8,21.8,
29-Oct,20,23,21,20.2,22.5,21.3,19.8,20.6,,,20.6,23.7,18.9,,24.8,25.1,23.1,23.8,22.5,
30-Oct,22.3,17.5,27.2,25.5,22.7,16.5,23.2,20.8,,,22,22.8,23,,22,21,23.2,23.6,24.5,
31-Oct,23.8,22.5,22.9,21.9,,21.5,23.2,21.8,,,18.3,22.9,24.4,,17.8,19.5,22.8,22.4,24.5,
1-Nov,23.2,22.5,22,18.5,,21.3,21.9,22,,,17.8,21.2,23.9,,20.1,19.5,22.8,22.7,23.9,
2-Nov,22,19.5,20.6,23.5,,21.4,22.3,21.4,,,22.7,22.4,23.2,,23.9,20,22.9,22.4,25.1,
3-Nov,21.5,19.6,19,23,,23.2,22.6,20.5,,,22.2,22.8,20.4,,23.6,21.7,24,21.2,24.8,
4-Nov,21.5,21.5,19,23,,21.4,22.5,21.8,,,21.9,22.7,20.4,,21.1,23.5,24.4,18.9,24.6,
5-Nov,22.2,22.3,21,26.5,,23,22.2,21.2,,,21,22.7,24,22.4,19.4,23.3,22.5,22.3,25.8,
6-Nov,21.4,21.1,24,23.6,,26,22.8,20.2,,,21,23.1,21.6,17.6,24.1,23.7,19.9,23.5,25.1,
7-Nov,23.5,22,24,23.5,,22.7,24.8,20.6,,,20.7,22.3,23.3,,24.6,23.6,25.4,21.3,25.4,
8-Nov,23.4,22,24,24,,22.3,20,21.9,,,21,,22.7,,24.8,20.7,24.9,22.4,23.5,
9-Nov,23,22.5,23.9,23.4,,21.2,22,19.9,,,22,,22.2,,25.6,23.6,26,22.8,25.5,
10-Nov,23,23.2,23,24,19.6,22.2,23.5,22,,,21.5,,20.9,23.2,25.3,26.3,25.1,22.7,23.5,
11-Nov,22.8,22.1,22.4,23.9,20.1,21.5,21.8,21.8,,,21.9,,22.4,,24.6,24.6,24.7,24.4,24.4,
12-Nov,22.5,24,22.5,23,25,22.8,20.2,21.4,,,21.7,,23.5,22.6,24.4,24.4,25.9,23.5,23.5,
13-Nov,23.2,23.5,23,24,21,23.3,24,22,,,22.5,,23,,24.9,23.5,25.1,23.9,24,
14-Nov,22.9,22.6,23.4,23.4,20.4,22.7,22.6,21.5,,,23.2,,22.5,,23.5,20.8,26,23.2,25,
15-Nov,22.6,24.5,25,23.2,24.5,22.8,22.7,22.8,,,22.7,,24.9,,24.6,23.4,23.8,23.6,22.1,
16-Nov,22,22.5,24.1,23.6,21.5,22.4,22.7,23,,,25.3,,24.3,22.9,25.4,22.9,25.7,23.1,22.4,
17-Nov,22.5,22.7,24.4,23,23.5,21.8,24.9,21.5,,,25.2,21.7,23.7,,23.2,24,27.5,24.8,23.1,
18-Nov,22.5,21.4,21.4,21,22.4,21.2,23.5,22.7,,,24.7,24,23.5,,20.5,23.4,25,23.8,24.7,
19-Nov,22.8,24,24.5,25.5,24.7,23,23.9,22,,,22.4,23.3,21.4,,20,22.4,25.6,22.9,24.9,
20-Nov,24.6,24,23.5,25.4,21.5,20.1,24.4,22.8,,,24.3,23.2,23.3,,22.9,24.5,24.7,24.8,24.5,
21-Nov,24.6,23.6,23.5,25.5,23.5,18.4,21,23.8,,,25,23.5,22.7,26.4,19.2,24.7,26.2,24.3,24.1,
22-Nov,23.5,24,21.5,26,20.9,18.3,24.8,21.2,,,,22.7,20.8,24.6,25.1,21.7,26,20.2,24.8,
23-Nov,22,24.2,24,24.5,23.5,23.9,25.6,20.2,,,,22.6,24.8,23.9,21.8,24.4,25.7,24.7,23.7,
24-Nov,23.9,23,21.5,23,23.6,23,23.7,22.4,,,,24.5,23.5,23.6,21.1,25.4,25.6,25.4,24.1,
25-Nov,23.6,21.5,24.1,25.9,24.6,22.7,24.5,22.6,,,,20.7,23.4,24.4,21,26.4,25.6,24.7,24.8,
26-Nov,23,24,23,25.1,22.5,24,24.7,24.8,,,,23.2,24.5,,24.3,,26.5,25.8,25,
27-Nov,23.3,25.5,22.1,23.4,21,22.4,25.3,24,,,,25.8,23.3,23.9,24.7,20.5,27.1,24.1,26.1,
28-Nov,25.5,25,24,25.5,23.1,22.5,24.2,24,,,,24.7,23.6,19.2,23.3,24.3,27.1,24.8,25.6,
29-Nov,26.5,23.5,22.1,24.7,22.6,24.8,21.6,23.6,,,,25.4,25.6,,23.6,26,26.8,24.5,24.3,
30-Nov,25.2,21.5,20.6,24.9,23.9,24.2,23,22.4,,,,25.1,24.7,,23.1,25,26.3,24.7,25.3,
1-Dic,23.8,24.4,23.5,25.1,,22.6,21.7,23.6,,,,24.9,25.1,,25.6,23.3,26.3,24.7,25.6,
2-Dic,24,23.2,24.1,24.5,,22.5,22.1,23.4,,,24.1,25,24.9,,25.6,24.7,26.2,25.4,25.3,
3-Dic,25.4,25.1,24,24.5,,23.9,24.9,23.5,,,23.2,,24.4,,24.6,26.3,27.6,26.6,24.2,
4-Dic,25.4,25.6,24.5,24,,24.8,23.9,23,,,23.7,,19.2,,26.4,25.2,27.4,24.4,26.1,
5-Dic,26.2,24.4,24.1,25,,22,21.3,23.9,,,25.2,24.4,21.1,,26.6,25.7,27.8,20.6,25.4,
6-Dic,23,24,25,23,,23.5,21.9,22.8,,,23.6,23.7,21.4,,28.2,25.6,26,23.7,26.7,
7-Dic,23.6,19,24.5,22,,22.4,24.6,22.5,,,22.8,24.7,25.9,,25.3,21.1,27.7,25.9,25.5,
8-Dic,22,24,21.6,21,,24.6,24,22.5,,,23.9,23.9,22.3,,25.1,23.2,26.6,24,25.5,
9-Dic,21.2,24.4,25.5,26,,23.7,25.1,23,,,24.5,30.3,20.9,,26.1,29.6,27,24.5,25.9,
10-Dic,25.5,24.4,25.5,24.4,27.4,22.3,24,23.5,,,23.3,24.5,21.4,,27.3,29.1,27.7,24.1,26.3,
11-Dic,21,23.5,23.5,25.6,25.3,25,20,20.1,,,25.8,25,25.6,,27.8,24.7,28.4,23,26,
12-Dic,25.2,23.8,22,24.5,22.9,24.5,22.2,22,,,26.5,24.6,25.2,,25.8,26.4,27.4,27,27.2,
13-Dic,25,25.6,24.2,25,26.5,25.5,25.4,24,,,23.6,26,27.4,,25.3,22.4,24.5,25.7,26.8,
14-Dic,26.3,25.6,25.6,25.5,26.6,24.7,24.9,24,,,21,24.4,27.8,,22.5,22.3,27,26.5,28.3,
15-Dic,24.4,26.5,25.5,26.4,28.3,26.5,25,23.7,,,24.3,25.1,25.5,,25.5,27.8,23.8,24.7,28.3,
16-Dic,27.8,24.2,27.5,25.5,25,26.1,26.4,24.6,,,24.6,28.2,25.3,,22.3,28.1,27.5,20.1,28.1,
17-Dic,26.5,21.4,27,26.3,25.6,25.9,24.9,25.9,,,26.5,27.8,25.4,,21.8,26.5,27.3,25.1,27.1,
18-Dic,24.9,25.5,29.5,23.4,23.5,27.2,21.4,22.4,,,23.5,26.1,24.1,27.4,22.9,21.8,27.3,26.3,26.1,
19-Dic,22.1,27,28.5,24.4,26,26.3,25.1,21,,,25.6,26.7,26.8,26.9,24.1,24.9,27.1,26,27.8,
20-Dic,24.9,26,23.4,27,25.3,25.6,27.1,24.4,,,26.1,26,27,27,25,25.3,28.2,27.2,27.6,
21-Dic,26,26,26.5,25.1,26.5,26.9,24.7,25,,,25.6,29,23.3,27.3,25.6,23.4,27.1,26.8,26.3,
22-Dic,26,25.5,25,25.2,25.6,23.4,26.2,24.2,,,27.3,22.9,25,27.7,25.9,27.2,26.8,26.9,27.4,
23-Dic,25.5,26.5,24.8,25,25.3,22.4,25,25,,,24.1,24.9,25.7,26.6,24.7,24.1,,26.6,25.9,
24-Dic,25.8,24.6,24.2,26.5,24.7,25.2,25,26.2,,,27.4,26.8,21.4,24.1,22.1,25.8,28,23.8,21.4,
25-Dic,27.4,26.2,21,25.5,25.5,26.1,26.4,26.8,,,26.4,23.6,24.5,,23.7,27,27.7,24.6,27.5,
26-Dic,26.1,27.4,27,22.5,26.3,22.3,23.8,26,,,25.6,27.4,28.3,27.8,25.9,26.9,27.5,24.8,27.4,
27-Dic,27,25.5,25,28.3,27.3,24.4,26.1,26.4,,,26.6,24.3,27.7,28.8,25,24.7,27.9,28.9,27,
28-Dic,26.2,26,25.6,26.5,27.4,28.1,26,26,,,26.4,25.4,25.7,27.8,22.2,29.2,29.2,26.2,27.5,
29-Dic,26.8,26.4,22.5,26.5,27.5,25.2,25.7,27,,,27.8,27.6,25.9,26.4,27.1,28.9,28.4,22.1,27.4,
30-Dic,23.5,25.6,27,28.5,29,25.2,24.9,26.2,,,26.8,24.9,28.3,27.5,25.8,26.9,28.9,22,26.6,
31-Dic,25,26.2,25.5,26.5,26,27,27,25.2,,,25.3,27.8,28,28.2,26.1,26.3,28.5,27.3,24.4,
,,,,,,,,,,,,,,,,,,,,
,,,,,,,,,,,,,,,,,,,,
